"0247a9c1-c5af-440c-bc37-1f8c90213612","","","","","",""
"045fd741-3fd3-4377-b073-9ef31601d4ca","","","","","",""
"04c5a1d9-beb0-4e8c-8032-024361045e31","","","","","",""
"04e76bf4-3404-49ed-96f8-fc2ab5a5aa6e","Sofia","AF","","","",""
"0599a706-d4ea-4de5-9f85-e62ae944f876","","","","","",""
"0655fbfa-9daf-487e-804a-644d0d7503f8","","","","","",""
"07db4356-692b-4691-bb51-6912baa1442c","","","","","",""
"08df88a3-98f9-4e5d-8887-88bce225562b","","","","","",""
"0a0d8a19-e2b3-44fa-9629-9cc29f64dced","","","","","",""
"0a3496f9-9902-4ae0-947c-036f9650b375","","","","","",""
"0ae2e8ec-7b34-45ca-b8ae-22a6b3dfea1e","","","","","",""
"0b7edf99-9fe1-454c-9dfc-c93c39f5cf69","","","","","",""
"0b9cc4f7-8c98-4029-837f-f7d54e8356f1","","","","","",""
"0d8d6288-0cf6-4e32-9e73-2bdf438bb128","","","","","",""
"0e228d6b-ef1c-4d72-877d-a105ec801d3f","","","","","",""
"10ee08fa-217c-44ef-94df-1cc2f4a2f6e8","","","","","",""
"12533e5c-92c3-445c-b737-73708ff6828d","","","","","",""
"12886a04-4b5b-4fa1-9678-2f4ec1d6e54e","","","","","",""
"12f72ebb-6625-4b37-a85e-e826735a553b","","","","","",""
"138f18b9-595b-4bb5-a6a3-b54bdfd5b444","","","","","",""
"14d42383-635c-4cf9-9fe0-eac9338c77c1","Sofia","AX","","","",""
"14eeebc2-0eb1-4e8d-9391-987a93569800","","","","","",""
"15f35bad-efaf-4064-8402-4282208edb43","","","","","",""
"1619875d-cd7c-439e-a70b-bd01668eef85","","","","","",""
"1a61eca5-c577-4fcb-8a79-5c4c17e0a461","","","","","",""
"1a66ce46-2bda-42c7-af7b-2adeb80551aa","","","","","",""
"1b5b915f-c85f-4255-a862-b9e92af8ad02","","","","","",""
"1be6fdf5-923f-4a40-9fa5-94969ae6ad7b","","","","","",""
"1c90a6be-f70c-4a37-bd4f-0341485f600d","","","","","",""
"1cf3858b-5d2a-4875-9721-241e8e7012a7","","","","","",""
"1d587ae4-6b8a-4a44-935f-6f0e2f550a78","","","","","",""
"1ec753ba-ea31-45c5-ae2b-bcae00b15491","","","","","",""
"1efd4622-84c1-4ec1-ab6e-3fbb000d0f2c","","","","","",""
"2065814a-b5cc-4e46-9b65-df83838a5fef","","","","","",""
"20b7530f-f6ea-4d6b-a7a6-86f644082afc","","","","","",""
"20c46576-8ede-4749-90cc-c635f4449826","","","","","",""
"23b9ddfc-219f-4e7f-b62e-497a3c975cab","","","","","",""
"2440d340-6e50-48ce-9f17-40b4e56117e2","","","","","",""
"2481a2e1-67b7-4ca0-8ef2-e69067329611","","","","","",""
"279c2470-90d2-4132-bb0c-473722e6882c","","","","","",""
"27f41469-73e1-4c91-bdd5-8dd419d373ff","","","","","",""
"28110c63-e0f3-48be-b896-fb77785aecb0","","","","","",""
"28a26721-e9c3-4b79-afc2-5d2e112a63eb","","","","","",""
"29b00d86-4f52-4d6a-bce9-a568ba803791","","","","","",""
"2d30567f-e319-40b0-b8ed-28804f0a3d85","","","","","",""
"2ef48059-e8c5-4a1d-b932-d25573ea9718","","","","","",""
"30152dca-fcea-4a2d-b81a-8aecbd019334","","","","","",""
"30773aef-5495-459d-8a46-4d146179fb2d","Sofia","AF","","","",""
"311d236a-411e-42cc-912b-99be8e4daf8c","","","","","",""
"314904f1-c9de-4e71-b213-82eebc284a54","","","","","",""
"3154dd86-8ab1-48ea-a58b-856553a2ec50","","","","","",""
"324ba189-7682-47e3-b5c5-4c88ffbc8752","","","","","",""
"326c2096-3476-46e5-89fd-4dfb1954b70e","","","","","",""
"32876141-261e-4888-8d3a-3cad3b020d94","Demo","AZ","","","",""
"33045198-17f1-4e11-906a-127ec3cf2770","","","","","",""
"34635877-00d2-4642-83b5-271eb5e824ed","","","","","",""
"34c8cbde-3cba-4d2c-a8ea-6df49856b734","","","","","",""
"36ee2494-99b3-41a9-846c-3572e350ab99","","","","","",""
"378704d4-831b-4675-9b39-ffc9724f770a","","","","","",""
"37f6d80b-0e6d-46f0-9c27-848280b82c5d","","","","","",""
"38a4b67d-f79f-45e9-b81a-d47b18bcfde1","","","","","",""
"38ec3d6f-3b5a-48e3-8069-8e2f76adfe64","","","","","",""
"39580967-25b5-4501-830d-f849d4b4995a","","","","","",""
"3984c841-6b17-46c8-9cab-878297eee0a1","","","","","",""
"39f04e35-365b-4316-b96d-94dd6445c2de","","","","","",""
"3a65710c-6ccd-4cbd-a84c-e65e8332bbe3","","","","","",""
"3bc436e5-bebc-4fbf-9693-f3a8485350e4","","","","","",""
"3c1c2ebc-5c40-4b94-a038-ff0e1dbf174d","","","","","",""
"3c36a749-2e57-4932-8f4c-2c34d8d096c1","","","","","",""
"3d58358d-8a24-4f85-95f7-4c26b7dd9fde","","","","","",""
"3dc615df-6714-461b-b3f4-27a7e16463a0","","","","","",""
"3e4d15cf-c72e-4225-b0ce-0cc64383130f","","","","","",""
"406cd0c9-cc18-48df-b976-1b7c7b5b1e0f","","","","","",""
"4194fa3e-ae9b-4496-a762-2f36d59e3f1d","","","","","",""
"42024aa1-1ed7-41f8-98b8-ed02266f0929","","","","","",""
"43bb2eda-ab57-4187-b5ee-594e52b31bf5","","","","","",""
"4646d9a0-c5b9-44b8-ba27-a142addc0c65","","","","","",""
"48ad92d1-c84b-449c-a0ca-84842abf65cb","","","","","",""
"49085c65-d610-4a62-962e-35fa36f7cded","","","","","",""
"4b1c92b6-2a60-42e0-80ce-84635a0a85ee","","","","","",""
"502b610f-d280-4f5b-aa44-882a04d5c181","","","","","",""
"504b1a3c-e49e-4248-9ce6-6c1a27340444","","","","","",""
"513eac58-0a36-4b2a-a0b6-b404eddbc19d","","","","","",""
"544a62e8-3bda-4b15-a1f6-d00036a824ea","","","","","",""
"557e078e-6797-4515-89a8-defb8f474478","","","","","",""
"55c38ef4-dcaa-43f7-a1fc-8d70589c66db","","","","","",""
"55d2ec9e-ead5-490d-a179-10482c6bccad","","","","","",""
"57793603-925a-4f28-8e8c-e4f7b7de2829","","","","","",""
"59372410-4d10-4d5f-b849-a50af7450747","","","","","",""
"5c3b3966-f7b3-47a9-8866-ea021d7d8dba","","","","","",""
"5d2dcf7d-7a19-49be-a524-b5322c526de9","","","","","",""
"5d8b8dd3-50cc-4431-b938-d02c77d04e0b","","","","","",""
"5e7b54c2-eb36-48fc-906a-ed5cfaad7af8","","","","","",""
"62d718c8-18be-411f-9167-4809efff1af5","","","","","",""
"6354f1d7-332c-41ca-bf32-fca3f88d2120","","","","","",""
"63d91ea9-6b29-4387-9bcb-3f9129b89efe","","","","","",""
"6471f753-83f0-44b9-932a-3b5df3ab3528","","","","","",""
"64a94938-b82b-4dc6-9048-4bd2db6e590b","","","","","",""
"6585cacb-9f37-4985-a6c6-b7fbd2a2127f","","","","","",""
"65939187-3891-4d7b-a9b9-15dc8bf4cbb8","","","","","",""
"65fb0ef2-0ea2-4919-b494-f766879783c1","","","","","",""
"67051755-f157-453e-bb93-15be33313eb9","","","","","",""
"67502169-8d02-4ab7-b889-fdecf4f7c4bb","","","","","",""
"677ce395-2b4e-4076-81a2-05846814df60","","","","","",""
"67cd8a66-a791-470b-a6c3-01588b8d7f13","","","","","",""
"6840234d-436c-4e20-b9b4-dc455c062a0e","","","","","",""
"687eab9c-a6e1-4400-94a2-4c978ac4be10","","","","","",""
"6884e83a-4ad4-408e-a395-536e3b0bc652","","","","","",""
"688d3a0e-4c5d-4931-83fe-c4cf7cef469f","","","","","",""
"689fb579-7bae-49e6-9e34-3418edefa174","","","","","",""
"68dafbbe-bcef-4524-9d3e-82f14262f1ce","","","","","",""
"697a3ac2-9d63-4c8a-a667-d5ef2bad097d","","","","","",""
"6a5fcf4c-a028-4986-9788-6c42d86b9562","","","","","",""
"6b38a496-64a0-4525-a5e7-cdb1f4a70462","","","","","",""
"6b5341bf-a1e9-43c4-9e09-bf8d0cadc503","","","","","",""
"6bd9f8aa-fa0d-4c9b-9134-a041d69d3b78","","","","","",""
"6c07fd2b-d26a-43cc-8041-00147fd4db7d","","","","","",""
"6cc21717-6e6d-4739-be53-0acc2b1db740","","","","","",""
"6d2ec042-0418-452f-89e2-6bf731878d8a","","","","","",""
"6efcd23f-e976-40c1-9ab7-59b5cb9842de","","","","","",""
"6fc287b7-06c7-454e-96c8-37eafe546a42","","","","","",""
"6ffbeba7-2384-4b3d-9a2a-81e98b15ead5","","","","","",""
"702ffc2d-3bfa-47d8-8601-afdb6fe894b6","","","","","",""
"70369724-be91-4536-bf60-a1f03af662fd","","","","","",""
"709ddd99-b7ce-4804-aac0-1013a1631e25","Sofia","BS","","","",""
"7192b395-f8c7-4153-a9cb-af8469b92753","","","","","",""
"7281b5e2-dd69-4af3-baa6-ee7edfbad520","","","","","",""
"73f20358-01ce-4709-8647-3bd52aa08a9b","","","","","",""
"7415f392-0f4f-4357-bbb6-9132cf3cf6ae","","","","","",""
"742c423e-dc5d-419c-8073-a5d3fbf0070c","","","","","",""
"743d6be0-9863-4ad3-b1ed-6208d94f3c95","","","","","",""
"7440adab-ab0e-410b-9c08-5e2a24070416","","","","","",""
"74cd9ba1-f4e6-4dd8-be9b-13ff41d4c84c","","","","","",""
"7572a148-20c3-46c9-86c4-9debe4aa91e6","","","","","",""
"761a7b38-a716-4611-835c-c762ed320b47","","","","","",""
"77343bd5-72a0-41f3-ba4b-d4b1ddf231d3","","","","","",""
"784676c6-33d8-4312-9b55-2c222ba978bc","","","","","",""
"78f8fcfd-70e7-4543-b424-a276fc31670b","","","","","",""
"799fbbb6-f022-417d-b22b-87515d34cebc","","","","","",""
"7bc379b7-9caa-4be2-99bd-5a92fd4afad6","","","","","",""
"7c9dc516-a7ab-4493-b339-abd4c05ba107","","","","","",""
"7d030b2b-e01e-4957-a61b-2988519df0fb","","","","","",""
"7d9d2839-12cf-44af-b786-6589671b59b8","","","","","",""
"7da5f30c-6729-4069-90d8-1a623562ca18","","","","","",""
"7ebbb53e-620a-442f-a3ec-e339897e36e5","","","","","",""
"7eff925c-2eba-439f-b0b3-409041763fc8","","","","","",""
"7f552e77-0cc1-45e3-9d2b-99cf7952a425","","","","","",""
"80522408-6378-4cc9-96c4-4d12112ba99a","","","","","",""
"809fb067-a925-4e31-85b6-8a10dc993e26","","","","","",""
"80ddddfd-b2ed-4961-9544-95f17ae89fea","","","","","",""
"81549831-6164-40cc-9c2d-6b96222d6f78","","","","","",""
"81c61767-3caa-479c-90ad-b0c92a46af68","","","","","",""
"81dda646-018b-481f-9bd9-08a93dfef694","","","","","",""
"81ddecc8-aff7-4aa9-b9b3-22eca67994d6","","","","","",""
"82b73b9b-5c9c-4085-a0ff-a22e3522b06e","","","","","",""
"8327bc45-c6d1-4bf5-b652-e2e7f7568c2b","","","","","",""
"840327dd-c4ff-4b26-9986-6878b3bba7e6","","","","","",""
"8406ecc7-5695-48c6-84c4-28368f52cea9","","","","","",""
"85ed61db-de35-4146-bc35-fa2627edb96a","","","","","",""
"861455c9-4364-47e9-89d4-877dad52e74d","","","","","",""
"861d52b3-1e33-48f0-b37d-799006fe9b12","","","","","",""
"862ff9b8-be97-4219-8f18-419bfa32f641","","","","","",""
"878f3ba1-ef31-4f8d-b3b5-b2296d32bc84","","","","","",""
"890862fd-092a-4303-9852-08c4c5173838","","","","","",""
"89a4b74f-3a98-42db-b4fd-7ea76d02f6d7","","","","","",""
"8a3a4b3f-b533-4940-bbe5-c537bce29545","","","","","",""
"8c35b868-caff-4ffc-be54-fe0e32faf857","","","","","",""
"8e408343-f2b7-49e2-bf76-9d5cf5999bf0","","","","","",""
"8ea98d5a-2007-448f-831a-7984dc8f6cca","","","","","",""
"8ee124d5-53ac-429f-bd44-98fe13a09a7b","","","","","",""
"8f6608e7-ac1e-4edd-a738-620f1ee023bc","","","","","",""
"9029415e-3c7a-45da-a01a-d0c9d9016443","","","","","",""
"927a0c83-c5f2-4732-baf8-d93a84f6b953","","","","","",""
"92b485a7-9b49-4e47-959b-cac8e2f18173","","","","","",""
"92e71ddb-4075-462c-9920-7ec1079c6aee","","","","","",""
"9373969f-f1a0-4093-bcea-581a769a9a6c","","","","","",""
"93bedc15-790a-4055-aef0-b49e568d31d1","","","","","",""
"95ebd76a-c434-45b2-a724-2ad36b381354","","","","","",""
"96731249-31d3-45d5-8a80-4384d1420285","","","","","",""
"96a7eeb4-843e-4c1b-845b-9184bf118436","","","","","",""
"96b392b1-966e-40bc-99c4-d6627865fc00","","","","","",""
"970a34b8-c1ae-4198-acd1-c952bc6db21a","","","","","",""
"97179c31-9bc1-48e9-8466-7415a40d28ce","","","","","",""
"979adbe2-19b6-4de4-b382-13bd4d8ead0b","","","","","",""
"9827e6a5-3390-4a72-bf83-9290082f73fe","","","","","",""
"985c49a1-99d5-4ebc-8c0f-620da888163f","","","","","",""
"993836de-5b07-44b8-983b-9c12743cf1f2","","","","","",""
"99c1fcac-ec02-4be0-a350-e3ee5de17990","","","","","",""
"9c2c1cf6-e05d-487f-b192-9c7fd676184c","","","","","",""
"9c5d934a-eb63-4701-b323-6c084f63f883","","","","","",""
"9d38bdf6-ca59-41c9-89cc-f1adfd2b811f","","","","","",""
"9d724d20-03ff-48fd-a68f-6fe089f3a401","","","","","",""
"9d891eaa-4e2e-4a99-8cf3-c72daebd32b8","","","","","",""
"9dc56458-fdbe-435e-9aeb-aa07d20ed362","","","","","",""
"9f29f104-7d51-4082-a148-17ed9ee3c21b","","","","","",""
"9f910dfa-f366-421c-a9b0-8756519def68","","","","","",""
"a017890b-b3c0-47dd-88f0-5678adea2e3f","","","","","",""
"a0a6903a-9b94-48d6-b7c1-08144726e280","","","","","",""
"a0b348cc-ad61-48c8-8f00-6aefe7a08f77","","","","","",""
"a0c39155-1ce1-4820-b4bd-f65ea8a140dc","","","","","",""
"a1c3dfb9-cc3a-40ce-933a-aaee8562c08d","","","","","",""
"a219c88a-8503-439f-a65a-6ea3035ab9b0","","","","","",""
"a22360c4-0cce-4ce9-8fef-a469b8056473","","","","","",""
"a23e6221-0f3b-48a3-a4c1-6fd65afde950","","","","","",""
"a3071f4b-31f7-405d-ad54-0b67a32087c5","","","","","",""
"a38f1f1e-67d3-4b82-990c-71bf29c128c1","","","","","",""
"a40e4e0b-9d9f-4085-81c3-49066281d370","","","","","",""
"a4468b3b-6d70-489a-a296-47ca48e55a4a","","","","","",""
"a54c566e-d161-432c-8db2-32e880aee5f1","","","","","",""
"a84ec750-fe4f-41ed-ae17-ec2830e0655f","","","","","",""
"a8925b2a-59d1-44cb-a520-0418229f7124","","","","","",""
"a89835bd-cb6b-42e9-921f-1915676984b4","","","","","",""
"a8b693a3-1c7f-4d5a-ab26-4c89b45969ac","","","","","",""
"aab9ea32-bc66-4791-9861-af2ce4230fa7","","","","","",""
"ad59941c-86a3-4635-974b-d7ad270c7844","","","","","",""
"adbe91dc-3f71-4de2-b3b5-0ad9ea9b22ff","","","","","",""
"ae142b19-e5e0-4531-9f92-f2dad80280e5","","","","","",""
"aea3a6ae-c784-4670-814f-cb29508eb8c3","","","","","",""
"aee9711b-377c-44bb-9a8e-f4604d780a35","","","","","",""
"af5529c4-a2d4-4b78-b00d-869ea9a9202e","","","","","",""
"b0924f2c-52ed-40d8-a911-8e4ff4ed013e","","","","","",""
"b0bb6496-99d6-45f1-b50e-ad68083e30b0","","","","","",""
"b2765b6b-3793-4395-b8aa-0b6f578c9d4b","","","","","",""
"b2bac78f-a9d9-46da-9fe7-1f2040f4f4d9","","","","","",""
"b50b589a-ddd5-48de-9956-670dae7884a4","","","","","",""
"b764bbab-eb57-477c-a70d-e1a6bed9353f","","","","","",""
"b7c5f424-6561-410d-91e4-38989587bea6","Sofia","AF","","","",""
"b9c08b2e-9883-4fe2-b71b-ae4deb049f47","","","","","",""
"bb58b452-b29f-467b-b963-a3e22e5c1bd3","","","","","",""
"bbac3a94-7f36-43bf-a32e-e6054f750409","","","","","",""
"bbac60d2-22f9-40e2-b282-028312887e13","","","","","",""
"bccec59b-1d48-4064-97b4-0ed9d86afe9e","","","","","",""
"bd92d396-6616-4d2c-b605-59bf71d9591d","","","","","",""
"be0c7b95-6fbc-4533-841f-e526a5ba0eab","","","","","",""
"c00cab4b-a605-47dd-80da-94c36f067969","","","","","",""
"c17bf220-9443-4826-b33d-006e45e476bd","","","","","",""
"c3446fe1-45d5-426b-9e1b-b1f5683dadf2","Sofia","AZ","","","",""
"c3f2a726-42d6-4877-b2bf-dc70b32d4e30","","","","","",""
"c43e5084-34be-4578-8a96-a7137432e410","Madrid","BS","","","",""
"c444ad32-37a8-442c-8c0d-c2f159844b80","","","","","",""
"c4c45716-32c8-4e72-afe5-81b33dfaf89c","","","","","",""
"c55e0891-505e-412a-9fda-5e55a78fc1ea","","","","","",""
"c67c6490-fd38-4e86-b639-311e2e8340dd","","","","","",""
"c6af24ad-4c19-4aef-be50-46f9c43f0066","","","","","",""
"c7dc119b-44d1-42cd-ad6e-e6858d93caaf","","","","","",""
"c991d4e2-c58c-4d76-a8d9-d0305e005fb9","","","","","",""
"ca41d798-665e-4b9a-940b-879e28077333","","","","","",""
"ca5c1b8f-c62b-47c0-8813-eee175e8054b","","","","","",""
"cac55f51-b3f9-4986-b9be-f9dbd6edd192","","","","","",""
"cafb4c17-0b4e-488f-98d2-4831d4414f67","","","","","",""
"cb883198-26a4-4595-9a3e-af19a0f5cbdc","","","","","",""
"cc386f0d-7369-4ba7-ad89-267b8c7753e6","","","","","",""
"cc5f3a17-b2a9-4a71-8bdd-611f3f456403","","","","","",""
"cceba2a8-13e6-4ca2-8b0e-a7f2ed51456a","","","","","",""
"cdc8cbe1-5ddd-4b1e-9985-1c35d9558cc5","","","","","",""
"ce308303-e0a7-4808-89fb-9349e3ca6b12","","","","","",""
"ce93ee81-3221-4a11-acbb-43cc745199e9","","","","","",""
"ceb758ae-ca78-4c7e-9f0d-a27b97e912c1","","","","","",""
"d0d9b2ee-5c35-470a-b767-7dde7dd51998","","","","","",""
"d4a72286-5c20-4252-8e1a-5a7556a2f596","","","","","",""
"d4aa582a-90f5-41ca-80dd-d4f980e9c138","","","","","",""
"d4c54c75-6f53-4a4c-b0c1-0008fcc70ac8","Berlin","AL","","","",""
"d5655307-54c1-4203-8e42-ead9b7143672","","","","","",""
"d7b16dc4-15fe-4b7f-8885-91550df99fc5","","","","","",""
"d87a4e02-39e3-4cb3-81d0-2ae16a8d697f","","","","","",""
"d90b65c1-b03b-484b-8fdd-c28afc4f9a05","Sofia","LS","","","",""
"d9aa9eec-2dde-47ca-861e-90b2012e15e4","","","","","",""
"da2ff415-68c2-4f8c-99c4-6cad702c13d7","","","","","",""
"da4cfdea-ac47-4431-b815-ee3bd0ac98c8","","","","","",""
"da524b85-641f-42d5-8d59-6da2f5dc3db2","","","","","",""
"da6b92c1-e349-4dee-9e7f-4f7bf8dbfa4c","","","","","",""
"da712657-0fbe-4f0d-8e10-cd55a7dad4a7","","","","","",""
"db2f3e9f-422f-4d59-be49-24f0a288be3c","","","","","",""
"db6daf30-7bca-4c99-8394-0ac8a970affb","","","","","",""
"dc790bec-a016-41cc-bbd5-34624a50b7b9","","","","","",""
"dc95015f-ce98-4a93-b52a-02258d77eef4","","","","","",""
"dd856c62-ab70-4aa1-8604-2e0d6bbec3f6","","","","","",""
"ddcef6f1-edae-4655-8899-0053d8ffe1fa","","","","","",""
"e150bedd-8318-4953-8ed4-6013ec296c79","","","","","",""
"e1dde342-5102-4e39-966b-4881f0039573","","","","","",""
"e2162c9e-9ef1-4be3-a2b0-ebe644afbc9f","","","","","",""
"e2436515-34ec-45e9-8371-a6bc23ad910c","","","","","",""
"e3e62115-9ef9-4764-9e56-0faca453e9ea","","","","","",""
"e42fd9f3-4e16-4a19-8217-1e3215e2ebef","","","","","",""
"e4d410d8-6721-4b04-a2df-2bc7ee8c0f4f","","","","","",""
"e5a5fafa-7d1d-4b49-a924-ee63a47df5d9","","","","","",""
"e621da97-84f3-4ae7-8fa8-a12ff7ae1e05","","","","","",""
"e77f5fa5-990d-43a5-b624-5f64cd1d43d5","","","","","",""
"e84175a0-718f-4027-a0bc-3824f4ca91e9","","","","","",""
"e8d776ac-135f-48c6-9984-6f93c20abd49","","","","","",""
"e9068247-85a8-4457-8d40-5da7460c86a8","","","","","",""
"eb8c6a74-9a02-479f-917e-0a85df6f92da","","","","","",""
"eda6158f-ce8b-419c-b92b-9d0babb0b2d4","","","","","",""
"eebd0545-8026-4354-8d78-958af576a248","","","","","",""
"efaa1585-a4b7-4749-9076-983e84273379","","","","","",""
"f0ee3719-a2f6-4983-a7c8-76ceceb19a2a","","","","","",""
"f14d4b5e-e0d4-4d07-805a-430ab134f850","","","","","",""
"f28fe77f-94a0-400c-adc0-69ba0cbc64c7","","","","","",""
"f2dbf0ca-ffeb-4fcb-9759-9e7125a171e3","","","","","",""
"f2e30933-3f2c-4842-aea0-e6266544843c","","","","","",""
"f2f20bcb-e3b8-45ae-bdbd-fb06d59829d7","","","","","",""
"f3375c7f-03be-4598-b2bd-29309b9def6a","Sofia","AF","","","",""
"f3e525cb-e8e8-4c0e-b1f6-52d46e6a0d0c","","","","","",""
"f6716b44-ae5c-4881-aacc-fb3e43355b8c","Malaga","AX","","","",""
"f6e177ef-ba84-4456-9ab1-a97c8dc22b4f","","","","","",""
"f75c16e7-fd62-44dd-af67-6d282d644b5f","","","","","",""
"f7f27677-ca33-4c66-b664-cd0047f8d09b","","","","","",""
"f8ddafd2-06e2-499a-ac68-133cb41dabc2","","","","","",""
"f9fd43a1-66f4-44da-8c7f-242ec0c9af76","","","","","",""
"fc63a523-62c0-4a59-9119-090ef367c01e","","","","","",""
"fd840e6f-23f7-4e90-8402-90096979dfc7","","","","","",""
"ff4b7153-39d7-4e55-b3e2-221cf7095bf3","","","","","",""
