"0a1a2d07-b32f-4c92-81d2-d1572d76e782","What makes you want to join?","Please fill out the questions below, which together with your profile will be sent to the relevant party.\
","1"
"0da08b88-18e6-461a-8a5e-df541439e476","Do you already want to join a Challenge? If so, please provide the name(s).","","5"
"2b09b97c-7f29-4058-b139-042481d7af15","Any particular role or contribution that you have in mind?","Pending applications & invitations","2"
"46e85c43-b03e-4c3c-835e-dc7a752925a1","What makes you want to join?","test","1"
"47cd6837-6d5a-444a-9764-c70b9c382774","Through which user,organization or medium have you become acquainted with this community?","test","3"
"47e55ba8-4741-48ba-84cc-e7ec2d3ee492","Through which user,organization or medium have you become acquainted with this community?","Please fill out the questions below, which together with yo\
","3"
"4e95a083-5e4f-4eed-888b-808920025633","Anything fun you want to tell us about yourself?!","","4"
"78c0ea53-ae55-4542-bb02-4d2cc50a14d5","Any particular role or contribution that you have in mind?","Please fill out the questions below, which together with your profile will be se\
","2"
"8650938c-5469-45f0-9d61-815c8af5471d","What makes you want to join?","Pending applications & invitations","1"
"8f8ca26a-da30-4f0b-8f53-13f5de571cfd","Anything fun you want to tell us about yourself?!","Pending applications & invitations","4"
"9db179a0-6465-4ac1-ae26-f1776519aa27","Anything fun you want to tell us about yourself?!","Please fill out the questions below, which \
","4"
"ab55d78e-5833-48af-b4af-82569b08912c","Through which user,organization or medium have you become acquainted with this community?","Pending applications & invitations","3"
"c9ec7915-cad6-418c-97b8-3c37a1f66e11","Do you already want to join a Challenge? If so, please provide the name(s).","","5"
"f8d1b331-6277-4921-8693-a2fa56edf686","Any particular role or contribution that you have in mind?","test","2"
