"09d5b1a1-ceb0-4f9c-a0e4-f7df73a5945d",\N,"4fb72cd6-a8eb-4f12-a481-8c8bdaea1e31","x%;Ã D{ÖEäÒerQ\
kkhÁqw³xºyó4¹B¦_\09\
	V©]öÌ7 ÞÕih=út3¯,|Á¥XÉëÝ\
aJ*±k¯d!4þ÷þbÂþPú³_yzëOos¬Rio3Zàó\\ºrÆê/Î","1cfcb353-a84f-446f-abb7-d13ef431ac9e"
"0b07acf5-a152-4098-a2cb-25ab14c8f053",\N,"cf9ab6e3-9b2f-498b-9885-78c8c58c00ce","xE1Â0ÿ²´(]ÂR\"\
Ë>ã³ÎgDù;­¶ú*zzb·ÀàAR#gØAå&þKÜTKµÃð'÷çNS¢²VØóÅÀ2ªÓn¬$1¾ûÏ-¥Þ´¿OÂ-'Þ]Ã¶}\0¾D1ª","c0b6ef7a-4534-4ed5-bb13-1c737fda3488"
"13e6f6bd-a732-4f95-8dc5-4ce3aaa2316f",\N,"f9a24171-f02d-421b-b4fc-4a80f5cb9eb3","xÝ[kSâÊý+SÜO·J=ý~øÈ(8âcjÊ$@$$yLÍ¿; &p4fæ5U$t:I¯Õk¯½»ù§C+·³&mÃ±MßçvrØÛ';¹Àùí¨E/Áþ?ÿNßìÙ´³k`¹aÛÿþ3gÐ7/Æ¦¥««áìôFè¬Á åã]|«n×±àÔ$·¿C;¹)|Ñ±m½Ü>åzÝí¹}¬-®ÚOAè{}«è9=þ§Óéðþnv¿ë{#××±§N£àà=sË~.·ÄËã×­ ÃnÏµ`ÞÆm;çÅÑFwVÍèõÀõ#@1JWF£§ºçF)&QøNÎJ0atqÇpÞ$zòÓØº#ÇÙÉ¦1oðGÃ:vl·¿lãxíþJ?óÁX<{ôý¯Gha7ïWý»VMtN³ðö~=H|YÁ>¯`¤É&Ì¶e¶I2DOßm\"4BªpÄ+æ)%iZ¤D\\tÕ¯ðàkÙª`b_8å¥Ù3FÐã<j/âA+¦4Bì-ª÷L+*>J¢ÀÃ{s%µd^Qk®W Ä//£5%ÚV2°Oß­Û3Ú½o½|´h&lZEcÈ©´:5²\
&zöB¿£ôcçûnÂ¨Çû¼caÑìîø-êey 4ü°`»¦ívç,×|ufÞ*ïûÞ¸gæJ»Ø¹òý|dýõDÁóâìk«#ÄÅµNÝ\0ª£Ò3Ck>R¥BþL2²Â*¶Fa\"F¡o¸ÁÐð·QéÓTB!É(×|J4& 0ñRk\"È4éý\\ÍsMcçM{¡%GÆÀvàmè¢qÞ±»n¤V'\\óÐð¾<zÃù`Ö\\Fæ¯Õ^8ò«Oìð|»k»söêö¬çðõ|µD'êðÿéE¢Û.ÃúáOTû6¹`§GjíÕ«'1yp|/js¸bLãèoffX`à\0\"«T1ÕÒ1Aå¸&#oáÚÙÈ\
~'ÙïÛHX¹ö	Ô(óãv5)¶2à|Þl{þ¸èÈµ`w$ZáÓqß£°0üè¨!Ò½+:¢Ì?*ú}=-ÏhYM[ùV¹Ò.÷£$'?MþfI\"HDUªÄ£DHýH¦W$JâoQ¤+ÂêwjÒêd JãÚ'£¼nVNìJ}löTI#¼Ç´\0<òõ¿¯ö4[Aãaª+ü Yr9Åt5Y[±÷OE	`Ø> YãM³fµOz¬åO«ãÙý¤Ú-id y`£EKâ¿Y´ g°sýÂ²ã×\\Q@hóÊmÎê.\
Þ÷÷Ú¨çÈ@±.ãsrç¨üe÷,Ìo<Ý')L_´'Á{\"B4$UÏ%\
­D ®a\\å³díI¦D@¶.æüebõ2õ7)E`ôù\
{}, øýT($ÄåÍ5V¡HôØXÿIzgZUÌ¿r.[õVýVõ.Ù¤ýÝ\
L%õ\"o$ñØÒ(Pasl|T¼ßþz÷tûÔ.ì^Ôf'æ.LA·%/+²¬­þ[PuåóOµdÅóÏ3dZaÈõâ9ñÌ@E¨+¦D¾C¿æúG²+Z(	·{Î&Öèæê ÅÌØ°Ò²¬nÍÿ*/7Ú÷NGµ5[·öøÝöZTs6ú1)(ãàÒS²¤6ËÓZx~ÖXmf6HáÜñëâàºê½Ã¯Í»£ÚUaNåIf£þÌUúk·,T\
0/RDÿ%Þ¯`NÅ@ÒñÍóyó\\:¼».ªÏîù¤1½ÎËÖØ×*)ØÓ(F³­Ì\"Å¯7Æúµ#õûb=RÉVC½M%È)7õ8%þ¦ñøW~[Vß~1º ÆÀ\
CÐÑ/ûÿýmàßësÍÁû#*(¢L'º±9Ñ«æ¸ðR¡öí} wí×[-aL¤ÑR?6AÄbÅ$Â0¤;kÒ¡þi¾×\\W\
M#4íÜå-#ÄXF\"¯Äl\0J¿$0xóbf:TlIN$ÙaÎQ¨ÝyuHkx3«µÐápK(A#páé@\"Lè,fR\\ì W¬G&Ûæ vOiÌIEÆ%;;µkÅÆvAÊÌ.QI=âôûA¢XE{²I\
0&ÒmMÆoçEÑRç³Û²QFñìd(@ëß,¨0¥h1Ù× d`W»ãÝÙýåÅøç½Æññ ·]9kÓHpL°o©|?JI½¹\
\
%wb&V«Ö¢T;Ü­¼xNË¬ÿ&n'æ¹ÙJLdI$Iª®Pfx¬.±é	|âBá%Û®kTrór*~ëp»(e¤vQþÎcÑZÊû1ºÇ§cÓ;xD¡8Öë!c<:>n]]£Ë4n¥íBi@µã§Gí`¹ÅÉ\
sz^YöÅpdg§¨kÞaÉ«o¤¬ì7W)HSE$-Í Eâ±j R²fwÎ\"É­¶Õ¾uwkÕÖ6t«]ØDe8ÇQHS¼Öoß¸ÿ÷Í~%°Á}ëy«mvÌ-OGiyrdl¤âQ¬L#\
o®S~V¥¡!åÑëíw£oìNè¡mÌÌão·½ÉônKR·(«xÞ[ÚÑ4)ø!²¨Åmbèzò·íRÊNç8¬Ömrï^Ým£ìJvrÊÖaØüCÏ²cýøe}<:R£o	*ù]Ç­ì#»Ëj·ÛÁ³l+SA¢ß¦ÂH*F±½+Û`¢e¥2îëí«v^Uý-CÖù~d¢RÅ#Aì2(Åù¥J\0Në-ÃMí¼¶Ì]IiÖW'5Ol¤¬ÄN@¤(Âé@bê_ö1¥H±MW	¤£EïµesvÏÅYHÝ¥²YßöDÊ°¤ar¾Ë6ÜAHôeÍzÎw}Û\\,?Gö`[ãÂÚÿ¼õ÷ë×ÿ\0Ý°õõ","a2ed0ac9-49b0-4e08-83b8-96fcee8c277e"
"1702a244-f494-4599-9e6c-95bb0be26e3b",\N,"21091c2b-ca65-4b3c-aa20-f90cc559f945","x%;Ã D{ÖEäÒerQ\
kkhÁqw³xºyó4¹B¦_\09\
	V©]öÌ7 ÞÕih=út3¯,|Á¥XÉëÝ\
aJ*±k¯d!4þ÷þbÂþPú³_yzëOos¬Rio3Zàó\\ºrÆê/Î","b15bfea2-a686-48f0-ba9c-eff8a59f057c"
"22a75cd7-2831-4f7b-8c20-624f8b817813","75e35d4b-7cb2-40e5-a722-f9649a4c2101","2ada4d4a-5583-41dc-8cfc-e6e59afb4cff","xÝ[kSâÊý+SÜO·J=ý~øÈ(8âcjÊ$@$$yLÍ¿; &p4fæ5U$t:I¯Õk¯½»ù§C+·³&mÃ±MßçvrØÛ';¹Àùí¨E/Áþ?ÿNßìÙ´³k`¹aÛÿþ3gÐ7/Æ¦¥««áìôFè¬Á åã]|«n×±àÔ$·¿C;¹)|Ñ±m½Ü>åzÝí¹}¬-®ÚOAè{}«è9=þ§Óéðþnv¿ë{#××±§N£àà=sË~.·ÄËã×­ ÃnÏµ`ÞÆm;çÅÑFwVÍèõÀõ#@1JWF£§ºçF)&QøNÎJ0atqÇpÞ$zòÓØº#ÇÙÉ¦1oðGÃ:vl·¿lãxíþJ?óÁX<{ôý¯Gha7ïWý»VMtN³ðö~=H|YÁ>¯`¤É&Ì¶e¶I2DOßm\"4BªpÄ+æ)%iZ¤D\\tÕ¯ðàkÙª`b_8å¥Ù3FÐã<j/âA+¦4Bì-ª÷L+*>J¢ÀÃ{s%µd^Qk®W Ä//£5%ÚV2°Oß­Û3Ú½o½|´h&lZEcÈ©´:5²\
&zöB¿£ôcçûnÂ¨Çû¼caÑìîø-êey 4ü°`»¦ívç,×|ufÞ*ïûÞ¸gæJ»Ø¹òý|dýõDÁóâìk«#ÄÅµNÝ\0ª£Ò3Ck>R¥BþL2²Â*¶Fa\"F¡o¸ÁÐð·QéÓTB!É(×|J4& 0ñRk\"È4éý\\ÍsMcçM{¡%GÆÀvàmè¢qÞ±»n¤V'\\óÐð¾<zÃù`Ö\\Fæ¯Õ^8ò«Oìð|»k»söêö¬çðõ|µD'êðÿéE¢Û.ÃúáOTû6¹`§GjíÕ«'1yp|/js¸bLãèoffX`à\0\"«T1ÕÒ1Aå¸&#oáÚÙÈ\
~'ÙïÛHX¹ö	Ô(óãv5)¶2à|Þl{þ¸èÈµ`w$ZáÓqß£°0üè¨!Ò½+:¢Ì?*ú}=-ÏhYM[ùV¹Ò.÷£$'?MþfI\"HDUªÄ£DHýH¦W$JâoQ¤+ÂêwjÒêd JãÚ'£¼nVNìJ}löTI#¼Ç´\0<òõ¿¯ö4[Aãaª+ü Yr9Åt5Y[±÷OE	`Ø> YãM³fµOz¬åO«ãÙý¤Ú-id y`£EKâ¿Y´ g°sýÂ²ã×\\Q@hóÊmÎê.\
Þ÷÷Ú¨çÈ@±.ãsrç¨üe÷,Ìo<Ý')L_´'Á{\"B4$UÏ%\
­D ®a\\å³díI¦D@¶.æüebõ2õ7)E`ôù\
{}, øýT($ÄåÍ5V¡HôØXÿIzgZUÌ¿r.[õVýVõ.Ù¤ýÝ\
L%õ\"o$ñØÒ(Pasl|T¼ßþz÷tûÔ.ì^Ôf'æ.LA·%/+²¬­þ[PuåóOµdÅóÏ3dZaÈõâ9ñÌ@E¨+¦D¾C¿æúG²+Z(	·{Î&Öèæê ÅÌØ°Ò²¬nÍÿ*/7Ú÷NGµ5[·öøÝöZTs6ú1)(ãàÒS²¤6ËÓZx~ÖXmf6HáÜñëâàºê½Ã¯Í»£ÚUaNåIf£þÌUúk·,T\
0/RDÿ%Þ¯`NÅ@ÒñÍóyó\\:¼».ªÏîù¤1½ÎËÖØ×*)ØÓ(F³­Ì\"Å¯7Æúµ#õûb=RÉVC½M%È)7õ8%þ¦ñøW~[Vß~1º ÆÀ\
CÐÑ/ûÿýmàßësÍÁû#*(¢L'º±9Ñ«æ¸ðR¡öí} wí×[-aL¤ÑR?6AÄbÅ$Â0¤;kÒ¡þi¾×\\W\
M#4íÜå-#ÄXF\"¯Äl\0J¿$0xóbf:TlIN$ÙaÎQ¨ÝyuHkx3«µÐápK(A#páé@\"Lè,fR\\ì W¬G&Ûæ vOiÌIEÆ%;;µkÅÆvAÊÌ.QI=âôûA¢XE{²I\
0&ÒmMÆoçEÑRç³Û²QFñìd(@ëß,¨0¥h1Ù× d`W»ãÝÙýåÅøç½Æññ ·]9kÓHpL°o©|?JI½¹\
\
%wb&V«Ö¢T;Ü­¼xNË¬ÿ&n'æ¹ÙJLdI$Iª®Pfx¬.±é	|âBá%Û®kTrór*~ëp»(e¤vQþÎcÑZÊû1ºÇ§cÓ;xD¡8Öë!c<:>n]]£Ë4n¥íBi@µã§Gí`¹ÅÉ\
sz^YöÅpdg§¨kÞaÉ«o¤¬ì7W)HSE$-Í Eâ±j R²fwÎ\"É­¶Õ¾uwkÕÖ6t«]ØDe8ÇQHS¼Öoß¸ÿ÷Í~%°Á}ëy«mvÌ-OGiyrdl¤âQ¬L#\
o®S~V¥¡!åÑëíw£oìNè¡mÌÌão·½ÉônKR·(«xÞ[ÚÑ4)ø!²¨Åmbèzò·íRÊNç8¬Ömrï^Ým£ìJvrÊÖaØüCÏ²cýøe}<:R£o	*ù]Ç­ì#»Ëj·ÛÁ³l+SA¢ß¦ÂH*F±½+Û`¢e¥2îëí«v^Uý-CÖù~d¢RÅ#Aì2(Åù¥J\0Në-ÃMí¼¶Ì]IiÖW'5Ol¤¬ÄN@¤(Âé@bê_ö1¥H±MW	¤£EïµesvÏÅYHÝ¥²YßöDÊ°¤ar¾Ë6ÜAHôeÍzÎw}Û\\,?Gö`[ãÂÚÿ¼õ÷ë×ÿ\0Ý°õõ","f8eee5d4-c2d1-4400-bc38-536de6884673"
"2b51f031-ab40-40b5-bdab-644bcc45eb5e",\N,"682e2346-f629-43d8-b1a8-7b2512317b4c","xE1Â0ÿ²´(]ÂR\"\
Ë>ã³ÎgDù;­¶ú*zzb·ÀàAR#gØAå&þKÜTKµÃð'÷çNS¢²VØóÅÀ2ªÓn¬$1¾ûÏ-¥Þ´¿OÂ-'Þ]Ã¶}\0¾D1ª","879981aa-2bec-49df-b62e-c8bc9ed35a19"
"337997b7-ab57-4ee9-bd4b-2bfb9263a51a","e67998f1-3ba0-47e7-9631-c7f1583c4fdf","08af59c1-4607-4287-823d-256703231f0c","xí]iW*[ý+µì¯}æá}C&DµºydkÕï3¾\\Lôõ{ÚE¿)	'öØ'MÃÚÙgµ×J©ÛªJó³ó³Ym4núg°ó³ñ`:ªàÍÉd8þã¿ÿ»ÔíÔzNk\0×Õºµ^­?ýñÏµªpÑ}\\øCõnºWÑrJ*§:\\¹ºË¨Vúnz=û#D#çgø/Cà?æ­ê¤	wµøl³Öj4'gP©à_Ë¿úþk<:µÈ ;Á;þW½^·Õ2¼_¹Té4Fi¿ê­Þêvï&|øBð=ÏÖïS\\Þ®ÿí½\
Þ°Ñì×Æc÷Á°TiMàóRü¸x·áU¿þ¿àïk5X*±QJ7Q|üãfÐÇÕ¤k#òü¬5ÂBNð¯ë¥î¸_¿Eì}qûÓn÷ül:¬Ü¨2V.²Tu[ýÎúî ÒÙxw5_ÿÏù¿·	âCÚ\\y?§4ÚR«¤Ùö1]WfîMcTdo¯é«Zdnó©ÅgÉ+£Áxj&æ±/>a0¤µp°¡×Ú,ñ$¹r¨¡BjÁñúCÜíÀ©)a¾¶B¤ Ò!?êVPGmüè5á1M¸)ñâS^á\
ßåKKj+4ÜY»[¸wó»äkkÖâH-×h<VÔ£G¸ÍR¥9Õ~G°Ä»£>I6d¨v45\
÷QÒµh#¸¶Æm%üÑNF¥þxXÁÒ¤ä°Ój«âÕ8Æc¨L)&ßÅK¹UÜ¸Ïü\0ù2íS2L1E±d§|[÷íÜ5¹-fgÍ>µôê5^ê/_êHM4¬SÚ¾Ä@KËªÕûïj/+æ0!j\"B_ pûi?Sý!pe£ÄÇ¯øPíTKBú!ZYÀ5Â0¡v\
¼gGð}rrñlæ­ç|kÜnlC5q(#F2P`ñÍÖ­ØÑòåÜð\"¥$î¬åËt´ZÁkVkØûï& %òúf~ÚNjP<»5v=¯Û1Ö^ØÖ­(LÚõËÛÜõàdvÔ°SRDH»!``FT­Ö*`ÍC¨± xØ®å«´4°¡µýâåÂ·)µBR£ñF;ä[.dÇµ¨êÎ8I<3cêÝ\\òÛ4¶åB¬Bîã*lêpÂ5|÷ÑÚãåÍÉgf7¶täæÏû~æ2\"Òï p&Wà°Ú+wË;Ëk£8It#Å¦·*Ùx¾ò*lÙeITÌ(^ªÃ@âH\"³_°÷*l òDsÂ5À\0Ô;ÓÊÂ?c;3íÛÎÀ­ñînúévÖWx~ÕÕ0½O&]jÀq±\\0p,¨Ëµ²¶@xA¸ð\0[WO¯ÓSdÏðA·¸ß¢8ìÝü:Y&RR¹¹_÷\",nO%_Î¸#-FÏàÝ°â 2n§[¿e9HàÇ~ÙâÒ£ÛÅ©0d7^¼E±S)«[û\"µÄ&NÇ¶À=¶@4°i¡ÊR=SGI1«N«]|É·¨åFJõ34õKXR*¢{Ìo¾PXÄrÑô¬u}Ë>ôýèÐÝú¢ÜýJj°¶BiÍ7%xF®åA-QQµºÜÜ¹@ØýøÙpv6_±°äó3T33Â·waO\07qC;D;,/îy±ÙLtâ5vqaå :hV­«$p«õÆEÑòÃDëYâ-ðþÃ~I²LÂ¯6ägìY°>ÉÂ×ºàF	viå§Z&¢è¨û0º¦È]3nó§,@g+°¬\
,ù°¹ÔHEV¿I1S®©c7­¤<°?B²uG²R¹\0m§`yö©Ï?NÆ&Ý.OGÃ}ÁRéX(Õ7®`ö}Ïõ¡à#-\
MþW¹&ÊîùÔq[¸3Çmñ#Ëð´ÎcfANöðä»Ç»?Ìùe/DïÕ­Ó',gÂáB$!®ûáUøO÷I²2¸KGÛU+?Á§øvûÏÇH<Ù£}³A¾õ¤Úé{Ë{Ù¸¾¼!æÀìª\0æ³J]ÏfMÒ@`ëq}ÌSVª°ZüÃ\
ÎOý	»ÛÝá÷o¥{¦éHxÏ+£a5q\"ý«ÎÑV\
ì}íAîë©\\ÃÒÏ8úÌ'LðÂAdÏAA§Äµ}ÍØÁÀ^ÉÛäÛµ¯ÞÐSP²äaº¢tÏ³qeHHý!IeÌ'Iò_$xÈµîÏP¸Òúl'N!ÛdÊ\\åc7åÇøB\\Üðe«q{º9*ÀÁÔ-!Z­$i2Ê0Q«ÞiOj(ksrQNj¯M)*Õ¤à°IÙ­Z§ãAoqñ\\$WI#_¸{¨Ì±E`M k¯ÀGx3L1z|¤rñ!Ì\\\
-T¤·>èOîZo.}Yþ+^êµºwé\\éýq¬-þ®LZ³Ö¤U»_h\\÷tãòªp·Õ\0ñukõ¼'­J©»~z2Â³x÷üÙèªºþ4Q«Ñêºùwò >á¨Ô«}ü}kÇ'nàï_	?Ùå:AÎar©ð)zR0ÃvÃ1^´biê­ØjL=gV3÷t½#3í(Ð\
ÏTàÇÇ5)³ÛàÑ#ËêhéW-&\0¥Àá¸q ÁÈ}¡:p&´Ö sv£ñºöôø\\)éÔ¯×U·?Ý!(¡¸ïÑ:<s©§4¥òÔ#Uûñh'Ó XÊ¯Â1W[&ÇÍH ¾c=n\0ÐÝ..ÕÝt4!j¹Ò[D+4ù*NG¡¡©/`¦0Þq'·ÚgÍbµÿ\
\0#ÓñdÐ«\0ÝÒ¤5n¶\"qç7Øþãaã`°wc2Õ¾_ÜMªíñËOòú>ÖNvÔbT8Ô¨ß5*å'y|æ&Uj»ÅãÇ¿Ö(Fh¡ÔÖþã Á¹ífãÒxT¥ F¦Ümº/LTwÂ]]Nf¤%/'­\
(Çúu%ê+t¥aÛ(´ðßN9;f©ß¯uÕ÷Ú@[YÌjÙ­KÍ[h\\WÁ±yñzÎÓåÝH¾uSG:à¡[ áÄ\0Èwom0ïjÞòCo?î0ñ'£ÊÝeÝÍlvQ,\
l#É#³iëêdêYëcÖ¿«8«!ÇÉU/p£ÕVLr°ùà¾ÿ~½ÄñÌÕfµ>Ê»É¨Vêªý·\
Z3ÿá\\1ÆwÓqý<(ké?4s½#Ó¹ÒJ:a$Ó=Ôö+ì1[2¦àï¢;ïáã`<A\\L+åº§½w\
ù¢¶ÀÂÁîí	.Ä_Hµúc£[íÓ ,¶1B!egÁ¢W%Gb)UBé>ófkRÛ8RÜôPÈÇùVTqæ©>9»ºe£{-(9zº¬s\0<©ÚÏûqmôâKA¹zÿ/¢ûQ7 ¨©ÿðfÐ{°VÙxõ²)RÏó×è@¦\"O´HæÉ6,.óýrKhì:]SpOÜ¨Ìh~Ø±(8ß5»q&1¿E¦ÀÐ[Ð¿gipw+)âHÃkö=Ql6×ÞhãYôâ*Y_4h5ÒMÆsõX«Ãûàñ¤4\\´úÕV¿±¾¤Ö¯zéÆÈ ×kMàí³ØÕ+îßG£Á¼Y+U7ÞÁ÷Üÿ?è?É9ù×ù?³Z2FAËñB9Ä=~ à÷rmá2æ»î<ä]Z¸Ll¹KÐ:Z\
ÐCÀÅ¬9\\èX¬¬Û\
0ïBsÊá2üÿú´©Ö;ÿgcÔºÝÖpüi£á¶°(÷ðB§YWÍçI6÷Ë|sºOµO$\0+MµK»Þ'Æ:FPÓbuÒa¹wÞ}%ïk\"Ú~¢Îp{\
Sú#öÊgÔþ£AoFÑ=¶*×Ê¥hìæyjñËØ¼Õ<BZÇHº«¨Yni<&XþöA¾Çn+²Õn\"ÓÍ½ê«ÜE3ÖtYßòÖn¯í4Ý·Øzê¤Ô°§ÅÖ#ñÄ+éÞ:7ùy§ýÚaô®sU?i¢@+Kð³Éêci¤RÚh%Vì0\"ùÆâ1 NM;»d4ªËáô¹Bg$Ü*FÀ0þÛzµõvsÕ¼Í¬\\±ÝuLÝaÖªV«PZTíûEEx5sª­¢<V4Ç~3Ë­\"wÀOP£dE|ýÂe§Bü»vËnûísv?ÉLKÍ²{ò(¸¹ÍDí±ÚL¤ôã\"v\"i¥v4³¡êvùpAÀp4H¡VÓã\\nË-ã2pw¾«Kå(0ã@°ÒY¦.Î0ð3ÚWãY>zÿ2»¸«ÇïÛÕÅb&p«x{^¤ïã}­.»/Q6þÿ /©q$q :XMÍ9,7À¾-1XÁA\\æ_ãÁJÃö&`m«ó@znÓ[¥iÔ¬Lî)8PùgvBóxv¡ßóæªj0Úrþ:5+ÍÆö£\
Vèezó1 Vàäh¬;Âª.¨Ø,÷¿¶vL£Â\0ÿ°>nùøgXfá6dO_JfÐx¸½÷ÉU6üÔxJËêý@à`vøs¶tMDj`óPf¨5äz\\ëhK±Æ¹ÜÀ\0%l;PaBaàÕbÅá*k(àÑýpxmh¿qãðÅqcd;0 Ýl¯Êh¶ð4Oå[ÓqS @1pN\
¨dýu¨ÐØ	>=þôÀ÷½þküZE5Ãâìh¸eÆ>yÙá\0Ï2ï%øc] ÉÏ\0Á÷7é`\"í)³sÊÄl\0î\0leÚÔâqÅ`óP	×JÀÀq¼XãeÚ7ÛKR~?QÇ\0\0ÏÏ×ëÀ6\\¼¤Æ¸>'»¦@>à?,Ûo(}±ãËÀ¨l=*Ò¯&:Yµï¦¼JO¢3q¢ÝDt·\\ý®ºq`ðl\"9¬ow¨­g.¨V{À0È%tTÜÂ c7÷úú6v7\0wOHÙVÓíZøö­Ýo\\GkåÌëpÚf§¤}n9ÅNXË×/ÄßÍ(~pqXÏXqÓÛ Évó\0½ñé»BoN«ñÒU(sÙ¹ª^OÉËA¯$Wï¿5äq, ·×¸¿DËÕ¼{hD®ù­æwõÏ?ôSW£~äîD¨tí¸Äâ)>úùpÍL¡§xPG.LVpK¦8¦ñÉMÞ|OZV­Ö0kÝ:°äï®C¤És!y;äµ\\©[çË*æ~x+òÀð	Þ>{D³y &ÊúÛø$,#)8ã m«^ë'TÄ¸,Ã2£é1I\
À~¬sÍÅ»©¬÷z£AªFæ)bÿy0ðºÂú<a3/£{ìS<>}Ë7[±¾Â,~íÈX+PØv¼z¹ReàPjÐðãN<A­\0sUäKÀªodOqî¸r ±Ö(ûîRbË'!¨÷¸óäÿ}Þ¬ÁÙÑ	ûÄ³¾>cHDoÂ¿ÂÔ!Rº=^á_à6hù+¡2/ßÒþ¶H|CNôh67éÜbúÌMRÃ»ËyéDpà3* ÜºM¬$ÒÁg{Ç³kÔlßòÍÄhdôV¿ÿgvQ«+`Gã¤ZåQi´øÄ±0}î9÷FAW(Eh öô<}¿\\tb¹y±3zØ§Û*RvUYì9A9xÞïvÀ¶$rpÜÁ&¨Ã&\
x«Ûh?Xl\0ãÅøEÈ\\=ÄÉ&#Õp#ùÉ¼è¯Ïþ Ú@à3.4vHÜmâËä2WÄCu+&îCýì©bÔá\
Ô1 )[µ\\\0ÙÁr_¬vÒsK|>¨t´g³ÿÛpð´\0ËêÝÆ[^£ÏP}ñÇêSq­Ïê¯ö²üZäàNCøûl¼\0£|·r9X&Ä(Ò/.pr£c§B/	ÛÅ|«Á@N¶î!(èwåpE°0ØA¼Ð+µr³ôÝ7üõßF>¥M5V+¶Çê=+¶U¡S~¼	Þ¶ìäD;­Is¹åËB±Õ\",\"Ì¡~ÅNQ©ö¦Úü½Sþ¤;e[¶÷HÃjúvîy1­Ücr3ª¦ÓE¾½ê,8èmÀzÀ®SeãÙ¼`îrÜf¡Æá¢±RàUáÒËÂ^\\@²>êpæK£ô#vËA'Ònæ7¾Í0JLØYúlië\"Z Ñf?IrY©cÞÚ¿ÀT¦u0/ÍRÁGèu$Ñ:%ËÄaÓÈãÈÅo¡@ù!8èç£Àp%¶Ä¥&ì·Ä\
¤Þ.ÛI²ô6\\7'¡ûV:ÖlÛ|léåÎbðIùZ0lÏ9ÄÊ5µÂôYMã`(FÄ¶ll&§új¥Ý¹?f£-¼b®Åßf¡-/X	¦Í&ªi;DsÏkÎY@ÍÀËÇ­E£é]Z4®g'zààAï&¼HªsÁëü\"£	^/ÞÃ¡vÏ¸(0Qþ½Nwªm5ìêÄ\"uåÚrÑhuª­\"¬ù±d0Ä¡XÊ(²¶Rº\
#ÒJù)}½Z*\
kdÝü§U3	ÐÓð¡ÈÏðÅ~=@)·øP}¾vkË·è\\ÔÇamzÔÕê@Ô\"¦×ÀúcRYw\
!ØS\
[IwRÄQNÆ¶ØØCNv'þ,åì¬òpÕ.&ÑR¸,íûÐÃëÓiCÅÁ¨dlhõþ§;è¯{\"¸ùØß·dJJvþ<~NÍõUmV¤£õ¶#aâ ¿#5ÀÉÈ&±ïªÁ¨%hF3ãGôÐ>h©ÒV\\r\\+I5j&°öµ`'¨^ågÉ7}½PQ¼Ô/âaúµ£ù×3þ 58HlK7n<w/B1v¿J¼ÝUÆ£wPj`ÁÒ®0,þìºs]lMÁKÖBIyàL	_z!qàm,us0¾IVÀFaÖ.¥¾O\0« Ä3÷»0ð}T.DËJ96!³löyH;{¶f§¨=ÛV3)oÀ÷´º°¨ÐÆ!nMç6·\07ÎjC]D*M7[PX\\vb(¨ß I1%rÏøçN³Íå*kËûþE·1õZS÷q2fpØ¤R7WÙK'9eKùAiÞÏfb£Qh;ðëµ'PQY\\<ÄìuìV'S«TÒðiÍñ]s0ÿ§Qwj,ñ¯5Í[îð	[¿æÅ¨ä³ûÇÄ:IÞ>¼Ý_¥*ß©{{qQS\
ºík\\gÌw  Ãæû3¸üSõ·&qjÁxÔr¾¾}Íg©Ë®Ì¨k¹$,!XdkMÓfI v¢cºZH\"0\
áa	þ×ú	¬¤çþ¥Ål ³y	\"àWr9üÕ[cÜl=4^WC}2¾<iªëGÞOx»ÅzkC´¥[ðn\
Ü$.JyØAÙ¬uØRç¹oÅ%ÊÒ¿8èCþÅùí@ê-Õ¦B.ö4-Õ[yÙlu®äðö*ÚÐFÐ RLa8kZvË®Üsí`Ö5cØÓùc`Kaß¿º²þÜnEE©ÄÜIÂ÷¤(½\\^(S*¤Â¯åÙ`ækåXêTxÉÀZ!ÃÖ´×íZSü[sØ$oê/Ngñv³lËk«P$x3Vy»}JÝñÙ2¾Ä2çÝ~Ïeä1ñîuG÷:­^ZºLNì\09 XGZþÞzØ\0KÁÜ`²í 	\\VKÌ²ø,d2Ðx¹>¿ÆÍ×lIy<qZÏ'ß\
¶8eõþ\"·h%¶å@Y3<¶¡{jø..r×³ìmønv/åxV{-Z¿ÜÑ7Q­2KÛåz8C>--*+S<Oå' çÓY¶¼´nÐgKÊÓqûlÄz×üj6¿(,+	jËÝB?ÅUc:h_µªµÌE±)ÄL~x>`ÿÆ1~ÀþT`²$ëÌßV.\"ía7Ñ¸~	ïàµ	G1EA§ô®Y6ÙÑà1`%2:¦G/©p µà\"1X\
¹-/­CÕ_.%÷$|?þ¯Pµ¿å4(a0¿Û9ìçn	kGeÖì¼t¡êóM 3Ë·!Àõ2S+¹>F³Ø*Iì¤Æ§)	/{qkÝaÏÉÇ8üóAªâ\\ÓÂHµô6_ý|cDÄ¿z!ßªýNV©; Ð7´§\"ñ=foL'|­^Ò¡Lë±\
7çíBUÇåLa]Sm5JhÉÉkI'GiPxÝ§¢`6\
PQGyï¥Ì¬¶Ì3ï/Vÿêü«ö;p¥þþY8-p ìîXs=}¾·rkØ]\\m¦§NWf£0eëà): Hª1Ölô±~q5Z£àF°n4Ñ²÷èa£Þ«±bÂ{ûË6´mý|Ëö[µþ01ô¥»{ãM}]z³y¨tsáAk×\0:¨Xãö/'ÂMTÒmcsIá[\0³ü¶¯0'ãrd¤¸Aiu°úÏ·f¿T?P5£{Bnárg®;Õ×ÐSb¨âCYlÈJ©t¨5ÌÓÀYG\\,F\\,#ªá5yd	Õ\0ÛÊpL±[!¹Æ*AÍgÝØµ¿ú8ÉcH«5u&Ú²|þUû-âêo\0Æ\0÷Û×\
»=ü}»§R±Pãòæú¹øê y`°\0ØP¯©v$i¬¥ëþèð5°Ý-Wbtvdòâï2`+¸×#8sÿgÔË»'m\"ÿÔ(ôú/9âáz÷þr8Þ9@_¯o±á¯-±2Ör­0Á+fÔ+»Æ/8hj	b+Äq4¿T`n®ñVnÿß¯Ã¯Úâá)Ýi§ÉSé\
ôÊq^º«g^zñÀW[lè(1,üj£VaOô^£	~XÐ/Â¯;]Ø··Ãõßøý2ü\
¾í0;îI(~^$Zµ¾îKa¨W~éä8x\0c¶cå\"Î¸6ëCG\
¾\0ÇV#Áq[;èg«Día1¾\
Á[ê¸Mcþp0\0¶>q\
ôw3ê\"y_¨W¯_Ô¼ø4((Ñ°À®t !Öø_Å8ë'¢&6Óc\
PtdvÏïâvÞü¿ñûeøþÁÔüf­Ý8<ªs×íËÌíå­ÅSýXä>øö£rG( |1l`LU&J}ùÔ±O¾Ký\
ìC'ÿo`ðõ·§u0îpÊFôDª¦)¤kì¶ßíÇgA£Ø@wæ©5x£¾\"¼ó_PÊ¸2H5ù\0||ÍÇÃ¯Û¸Ï×» ê=­*åú\"ioÈÉ©ªæ¬jtÏÞ`wÖ@íj)Öê\0ÇÀy(¹ÀÍ<t1Å?&ù&|Ñ¡ÊH´Z\\É÷9ØðKþòä×·xþ5ûìúzé+?v1XìºçØDÞj:©¿.\
µC÷háTÇj\0JÌWØÕp³T¶ÔÓÕ8Ûs¯­jíâ`Ì¶·0Ô¶gö­×JHðÒ Þ¬]§0K5NZjê¾}ÀÅobKñ¶ÐLîëÖIÏãÅ05}|L\"ú8%ý(Q`sKp`æ#AûZX¼Ä2pÅCX+(¥N#?³/m@¡Û÷êtn%ì`/k¬ß¨Ùrev6ÖÃ·&áÜ·Xn©ñ¹Và#{^þÁÖ7û¹^lË´:4«Ì\0Ã<SSÃB¨?¿¹½ÝÂ&LL®NTrÃ^ÍËÜ88À}åÃ.ø&:ñÍÚù`¬Ø¬[á-ª»¿^RÁýµäài£:ØS»~¥ÑYóÐpRKõ:£×ézâó<ÝuS¤çû:H±ÀØ2côã'·Oû\0¬Xe­·Oóæé~6{¹»ZdëãðËUi$;§µµ^©ÕÒj®oðÅvsGWß>Ç~=ØU|w2_>im&SMhczIs¡Dºür\"DøÀ3¶Ò`ç<¾nï¯¤=°	g8õ¸Z\
õ©`oøÈ3ýxÑ4²ni*	úê<éN²×t¯_È]³:§¶Ïe,²ÈT¨úÏ``wcIÊcwéUJ¡BfPUWáÚ]êD½eTc-XEüq¤\0Ã=v\0#qrÇAÔ³LNfÝh#ÀÚ³ü#õÂs8qÄ;3ëð#|«ç_´Ãª¨Ý¯Ý$Ô-þÝ	Ñ¢d/çNlÄßêEôNQI\\ûÞ\\qb¹³G¶ÄîFðn8CÜËÍ.¢ØÝW\
f-8#6bØÊz§þõ@ê[¼oÑld|#@üï1¥éB&cúùSä©wu#è°¬NDÕ±O'L¶Ç!+d5|ÛöuÃtN6àÈþh ÜèÛG±32ÞÊÃb=©LõóÜ¦¥r4ú4Ó²»H$»[ßàtûõH$%ìÎ²wf·ÅxëÄO¨ýè`ã>b`Úµ·¥JÖÇ±Çx,µJ!@S¹9ÃKÜüyWËÌA=Q¼ÇÃÁãì)ÿôÜ}µ§0wë¥íP¾¹GØV]»=±åÇjd1ÚÑëÃà16¾¼=GN5pFìÃm$UÌÞ3þÝ¡° DzÌhhçGBÂK6ÇäÄâK¸?]¶û^r9*L_JÍ@O}4J[p¦è}ïµ\\Æ:/ÉÅõØy;IVN©±Q#ÇN@õÙêt[s£-ÃiÛã£pYZ86AcøêÂÆðêìÝÙs;}Hå-3üsÀ1Ö3!}D¥¿ÅªùtË§§nìµt3?4îF<hÅ«FÚõ4GJlº-°lZÖÏp8¬ÈÙ(°0oTÇå(ìd°ß-ÁYñïl	éõøþ$0Ð>¾\
»?íI¾dëR'-#äKíf~â'\
ýXÃûP`¿jõzÆ+s¸`Fã$<	FýÈZ5ÀVà	h7Qù¿?Êö\
¼LÄ;0J9÷ðý8øZü°-GgèH¶Ç\"èáâ1bÍ^ñmð&WÓIñTÇ üdFÀj¸~VçØ¢XðEq\\øosâÏB©Vn_YïHô\\¬®ÑÜco¶×ÕRFïO|{SµEÿt Ït©H£°Óï&øÅ7PÅfº0jÑüeUæØæ Pb0`Á(%WM~ÀÏ\0)ãd'èÄäqÎ´d¨&	*Ð}ÜÌÑØÒêñ¨Ü,Ä[±{4hÕë0åHËñ»ê;5º|tÛ¬û`æÜGÕl0}fVÖ=ÁQÂdùhîy×ùwfÐrí/óÕð^Ô=uHô¥\
qï-7T¡éËÝí©±g>Å	bV\0ìÌqÃ¾x3ãÇå(jºMéJ|® Ç°Î{:t{ñjÛf}L_Çi¿¾¿¢ssµq­4ª4Ô¸÷8]´Hùk\")c«1ùq':3S¼¯ï£$?{{JªcÓÀÇ£à½KpÎRÜ¶ÿÆÁ\"8½)ðõ%\\q°ÙÖéP¬+;'J 8U`O ¹9ù/%Ñ ùÝ&ÿüC0Â­ÇolÙl·þ8,êíçûH>=<á½ÅùotVþÓB­C9ì6ÌwÚ\\?¶^xè®^L©w\"ßÁKü2ÔR+ßôp¾ZwªâqºKJ@h0:È@¹ÑLcÛk+0hCØo}ìÒ?ÄÜG¬ÁwËÉnîÇÅËñ\"¾±Éx5|ùÞ*8°÷`s,°ÀJ;Â(¶L=ðN$gPC4Î~Ù&ù_ZkÍ¾¼yö?¾c/ÿÀ*<ê£½G#Äº|]^u¼^+óùN'|ÑXRb¦ÁÉçvÌËá5,á¤Ò¤·zQ	ko'àF¤(Bã»h?ço.ÊÓÓ²d0ïÖª@;ÅnÞäýÇmÒ×¿1ØùbIÝóì[¹5­u-Ë¥ÖÓ©À#ØµMât,ð0QIôquc²,~n8þÞ>YË	WÔr972ÄÖÇºGC©P¥U¬£ùÿRO[9­Û¢Ðs4oq¶'ÝsúN0ÞvÔC¯KKQlF;á Á@©	¶¨aÍf,F\\J~-Ë )fW#ï©°fÙhtw&¾cº¨c¨ÛßÒìÓÀÔf­Æf\"ÃÈp`w*øOÉü375Ç>÷fOvÍRéñc=V=7äí R~Ì>qq:r48JÍ*Ûb»8°7¨7°=ãúr®-ZÄÈ;¶ lX¢	ÇÞz/$À\0Ãù\
høæpRÊd°ËöõÖËÛEò¡IÓöe6¼neYïTs«v÷4Â°2q¥!¬ÂþlÁ¶§>òpoã5GØ£ò´Ú­Çæs¸úi8ºf£§öiiÍ]­2áÈj6îHÆW3Êüuwnb¹;z8OS/ÉÖDÇsµÎøf»\\OÄl¬dDº-g%!8h{íS4àè´Ìo·M¸Äc[N4eîøàUpQ*ÜÞjI¨*Är,1xìTº:nw\
%üÂÁâù{[¯\"ñ$«#¹hû±,ÊRJÝ^¬þÃØTaí(NÐ&cØí<ÌsÉÜñ¿è;Q,uâ@f,8*Y0>!S`!¤[éN,âá¯pÀßI#ÁRÀ6(¬Ãînê¡0C1ROãäHM>þOº±}¦wËR~(\\³#AÖFK´RðË:-¡àUu÷`3ñ«à/V9#ÝEMï~eåüVNÁ_¤pü-Z\
>3|Dæ^>¼ÕøRxÂÏá»S>1ÓÞ|ÿ_)³ýÕ¬µÑ{:}UrÝR½ôîâÃÎs!×j¾Êü©¬ðU-É×ÂqÏ«$æXmÈq9|Â8ë-(c±¾Å1Ô68áKwxú°*ðøê±é«d¾Z@\043\0·Ý ³7ÏÅÁU®xÑ+¼Í_3©ÔÃ©æÝ)ØÜ66:­ÜCxÎEF¢Þ,0rÔ<&Þ1ª!åÖ·Í¸;	ìbª\0ÿ¸ÁWý½ï\0¼Ki8¼Àû hZÕ%Íqu@«6¿ðoz½n«å³ÿ¸b­¡jùÏþÔ[É","aeb7c160-42a7-48b0-b935-6dec8a9c6f86"
"36ce510a-ea26-465e-8da5-2b9098235fc4",\N,"8966a827-5fcd-47e1-b2ff-e80ada1a114e","x%;Ã D{ÖEäÒerQ\
kkhÁqw³xºyó4¹B¦_\09\
	V©]öÌ7 ÞÕih=út3¯,|Á¥XÉëÝ\
aJ*±k¯d!4þ÷þbÂþPú³_yzëOos¬Rio3Zàó\\ºrÆê/Î","a7631132-bfe2-49e2-8991-28b8d8fe7500"
"59d0ab7a-9cf6-400c-b933-fbea47e71fab",\N,"18be30dc-f296-46b8-a38a-e2092b6423e4","xí}YwGîûü\
÷ëdMÆó&YV[V{i/í{ïñ©%K¢E2IÉÒÌéÿ~# ,P`VM°¦B±PË_üï|òÉ§§o_OÿûOË¶><èë?>ýO{ýu9>98z¡oáâß'G¯ÛÅOOO_þ÷ý×á~àéÑÉé÷þÝÊay^^èaÿGÿýÉ'ÿ»xÖw:ûh6H]»wÌ]¢&¹Ä5H&Èyq¦Åg>\\ÚqiOëOËù[oôuö¯·ú/'éü?ºÓ§véÏ_|Z<=ÕW!ÄóWßxx¶Óã£gå³£Ã£cûëëû>wÍùßnêöÙã£W/ºécúÃÃïOß.Î¬·Noì§£ó?~0z}êSú<}QNN>sô²nNíû?ÿvu/teøçç/ÅSÎp~óµæ¿>z±XvÈ$}áì{ºà§³öõáI9¿Evw>?¯ÏÞ|õ²«ß}bÊ(øÏÞ?<xñlü¶gkþÎbÞß;~ñú¿þsYô.£Súæ!ICÚâ¿s¬©$×PècJ®ñ]ëú&`Ýú¦c²Ò¸§õiûtßÃ)ÁÅg®3sL$r~ V0ÙóøÂÎÕÃ/«PÓà:Ì*?|/ÔFg*2zLÅÓîà­±e¯÷ä#-Ôq$¶,zóöb1'èJëkvÔ»¬ë¶±é¢êÛMíÓº}úê¸\\¥Èú5\";4rëeV¿r	(Å3ç±È¦IrJ,9P Ëìéqýâäe}¬²²*¶*m\
GumSX[ñ¾JÉ§)PVÄ(GJÃwnÜ¢L:!ùì·ÛPûÔÄÔY¦vM¢ë CÛäýüäª ^ty1JV<XähòtöËÌ*æÐ<S0áá=\
r^²¿ «WÏx,ÈÀ Á{7Î\0Ç<)ÈrÜZsÓçÐpr¾Âã\\­¶Êu]¬K§d¼lU+L,>$E#¹à{[¢¬24ð!?\\3¹¥* QÉ\"j³W×«·&¸8Ô/Q×³=rhKB¨I\\|r,¥q)àBòM¡Ûzî*aD4Ía	®ÆN½¨m¸7ÁÝ9P<¤¬­Va,·QBRC,ù-ñ¤½È¬«$KÜ$·ä¦éëÖùñÖµ\"^,½ÓH©Mh!Ãüävr\0ªH¥½ÏÑÖl \"O¢·jñóþ$ürèW%YÅ»\
ÃÇ¦ÕÃede]WÉ^ÐÖÜ«¡h}\0§ÎÊ;ÒéompÐû¸hxö8UzõöõFÙ¾BhÅ,0ïÑo(V4,Fj)å%f}ã¦`I¬jÎ*¶ÛK­ï\
ÈðJ­¸¡ÓÈ-[ü@]Ì3´¿£,z5¨äcRp\0>,Ë­ZXòUlõImÜ_Êá/ nZ¨FÓ7Dò¶Ï9ø:hDKjo¹QÄ£\"(S£îc×&uÎSÛóÜÀjp³×£P1á\
âUÁ\
&\"$öª]	â%°3Þ´@ÂôròÛ§úúÒP§7Ü¶àê¶eWRÓc Î~jkb>r+tÁÖÍ{¤\0U&Pú1å8/¤0L:¿ÖÀ^7+À´èP<a[j	mr\"b°uêUÑÒ¶¡S%èH>ælØfkQ±k Ä¸&3&Ãp¡ý·±ôa©JáùcM6¥W±-øLT¾nFÀÄS«A(kàeû´©X5¯.ÆwVîÐøà¤ocû>ùòQk6¬EdèUXXÃ²WEËìÔ°ÙXµægüSê(P¿i6VÁÐ¤ÄêU¤?L²oØ¨ÝçÒ8]{È(¸Ha-R#ÔKÍ5ÍZb³p¥\0;§«,EòþçR÷ec&o8±Àj@BíÃ0µ«È¡­]£ÞÎ±Ãú4}§¡xWrf-¯e¹ò*©IÍZÚ cÕÐò»Kmóþ­)Ü«Ô®ØÂFïÉlÎXTQ¬BO~¼AÓ25«µÆ_¾bSçê¡Ç3ØÀ\\G/je½&Þ	ì âòÏÈ(`ÒÞ*ä ^õM®4]¿>j\\àw(CÃbV³JI\\´%SG}¡yÃHÁ4EPÜªÏ+{	P¡³âù0LÍ¹ª´²Â\\)Mä5ÖRß>±¥Ð4Ô«ïkYµ©X¼K ¾\\yì\"«eº	5CW3vþV2ÂªJ7­P1à¤JQ¿C¥kcç|¨[Ç]P´ZRq¶é\
m·útBºT-ÁßØ·>ÈªÆDþ¦¼¹ÿæùC§êÄwÙ×RD\
^$¸¶5£)fW7:Uð\
êýóÏ²jé9«ßÏD4]JD§àiTÅ@ÈñìçOYÑ	1Iº2zZÞ®Ï8K!Häà9mïäX0t]YB­ÊozNué½º¯¹ï^	úÊÞ=3T>UV¨àU0\"ìo×WtµÁ¶·<Ï¤ ?zqúýÁÿ¼k^½_??8|»´Ô»ð°¼ýäN{zðúàô oØIÑ¿ýp.}êÎáÁÞOK¿,Õ§m}xööéÑËów[½ZOwü £ã'/êÃ6\\ÑXãÎ¿áqý¼¬÷àä¾½ñµþ·r«ì}qÖòXaøSê<é]D]²ífm¯¾¤OÞPGÇMê]ÓÎÆ·],=s7Ñg£¾ÌIGaX<ûqþÃKÕëF+JLûÛ{\\ãdVõ×ö­2aI%ÚÖàoëãSU®ÙèïêõÌP{ir;æ	Å¼o®©Ù2ÔãH­Kk'Á÷9úù×¤*a:ÛÑ<¿?ïlJ:å³ÇåbîÕwPÐ|ú¦Df¶üiíý®¼#ú®¹ ùé¯Sú¢b]8¶Oê2a«~·q	89®Kr)ZB=oânÎ¾»0ÆJwr÷AÑ3^ªaC¡âÊÄ5Y#Î¥öûOéìg¯NNcÕÃúTåîäéÁËY(ï¦+Oqf¤»¨qD\
,ÅµT¼³õÂ½wÐeH áfözD¨5*½ÿ¹á oàýu7C\\S±¹D3[uÂÕh¡°íU¥Õ¯Ê'ß½<9XèÍ´ù\"7GÆî!õÆÛ£é:c.½ëÕ	7\\ÊwE ø®)êù÷¾Æ*O»c ¸OwÖìU­ê.KâèéÊÛÿ:ÍýìiýâE9Â®^Ëüôó$lÙú]vÍ7¥ kè6{ÍW§&Q\"¥2û¤¡ô4\0T²?=YS¬³ÆÉzòIUË_gUýN¿/O/Ý ækê²nÒLyýöúÂ\0èR[Ç©kÜwÆêÑ¶<{Õ%Î1U}øY.eBï+2R ÇEïÓóÍq+-&EìYÿ»òÕ_§Äß×åÂÒïOKý|nwòæ§Âè§ëº<QD¤\
¼SK	\"8uÜëªqqúÊÜU8^r¾Ë9ï#ËÆ.ÐZkÜåÊ»þB×{trjúñª=]Zöèx'®h~:pÒíJ¦hb»}d[rÛää<¤è\\NV©õJ×`û1k6k,bULè!pò^Æ¼¸\
!DªÙÒß?UÍ¥u©Aqý!VE2Áôôþ5}õÁ¯¿½÷ìëüÏ{b8þå?~Ï>}ÿþGTpK¯^ à?ãõjÍKÇî[­¯ãã)óâÛ¯Qf4P­pdyÌemæ\"\\7ôÌÖ±Ò¸¦i;»$ÈXoÆÜµ9,úTc\\båQ3Þ\
á0	]®5ÅTòÁ`]30*DÏ!®ÙGb½ÈÀôJ¬tq¬éAQ5ÉÔNð¹¢ß»ûàá£ûw@÷ÙáÃûßõ´ß_ÐÜ,ÁÉi}|z÷àEwðâÉø#åE7ñÎa}rúÙÑóç§zß¼8±8ïãã£?zE	õÌï½´Ó-ßÓóß>9­Å?Î~ÿÿ¹öèX½_o,°.ÚÃV~Q)äSÈ$yÓépå|K§Ð¦ÓñÅ§£ ^N{±(Uö6pJÊß®\"ÌY¿.kÀB@N7u¯Wduhÿ÷ì¸òÃßù×æ´¼<YkQyuPôk&¾·i ®k¯·ÚµÁ1ïêÄjP³ô	©áTOÑlÏÆ ÑGñ2Rl+^¬c4Np9nâIºàGçâ»ng~Y#¬V\\ëe~Ö§¯«Q½Êíémëd¹¸;ô4Rç5*vì¸Çâ4¯]ã³Ä %vðQ[_¶)üÌ°Ø à`,ô*+×öFÈ©þ¥òpÁ ù¢@!´(PüîîÓoïÈß¿jäëÇo}íþöèZEïk0ç¬\\Êüâ\
DÍ4ï0â¤´ÔEÔð9XÝ¸zpB-ÇØe*µ>}Jr&²:mñyÄ~GF7£$a#ÁÃËø{À*Í`À¾³^Ý¿@øÁõáå«_[xíï<~ü÷'§C6+{pÜÆ³Ý¤+ó²²p;j v\\$+Ð,®E®½à±íÒGåÙÂ¦P	 É¢FüÈ¦2R½gÖðÇ%ðrüKûgS ¿®fu§È`2Á¦:%Ú ©í»â0·b2Ò»ºt¤ÈÂÇRS$Ø«I%é¼Í5Y{ò\\	©÷ÑCØO~rÉÚÉî>ÊÎD¬¢F§Tg{	!#ZoòÿíÁÉëîýøûë»ß÷÷ü­{ûö5¿Êü+üíí·_ýxÿÄ/¿'·Pb/PR*4ä3^ïóMN{è¢S²OFV¸étd§ Xÿ(^ñÆ*L{qÖmÓ^Y.b)W0ìÀÔÔVjºV½2==rã¸ªÙ¡äT¦êíçcÿÙ|UTÄrZÞÍÄÅ*?^âpîÂÚ§X%½õÂbLTÄ°¦ùücÎòu­ äFY¨«ü!súHò3f½@¿Ãpòu +½J?CÛ¸¡wmPÚDÑwS¥7³ül<_ÖÔX¨Ô_WdÅ×ÊSO¤ìr%Úz^\
k¤|¥¶Tý.G+µÈá= ºq°)Â¿ÁB?EÕ³McQÒ{ÔÞmoìsêJïr³ñß¶®©r+½HKF§Ff#ó	«4*dü*Ë`hÅ^}îoò#0P[!¨l4ðRPÈ,yµ$CZ¡Å¯f/þfÉý£¡²¹cÉyx\
~{¨ô%ãàòm<\
É¦Ó¡ZpT<M(\",å èù<x¤d'§J/ÉVÓ»ÙÃA45(TåMçS@ì³$ªTÔñ|ÜÚâvU¢ßÒc®ô<ÀßÀÛvi²ùÅ¶jÕ`î0.¤èÏÅêmã:e×pï]î»}Ý@§¤P£ÝJqOxÿ³LaO1VzK4pJ¿ÜIs¸¶Çteß.hÆeµ1ûSÛvÿ8jÛsØ·[½VçÂ4ÆV¸F¼Cýâ2ç;îktµuºnCíýÇ¤²N{*Ø@ò9#÷}¾bÛÚS<mLã»¢v]7ÌRÚ¨à}}]ý¹Rõý£ç'_}Õt÷ëî¿xö }ôæZ)õGÏ'îÿZ^¾-7þ:¿ÙOûnÃÑÆö°}0£ ©.15ê­æ&8(K}SPåéúÙ+:Yi.ðÒ`ù÷ôXKÏ1³/5\\qz^a¡¨d¬iMÏqéÁÜóó@­À\"Gb­·§?üøÓ/_:ÿ¾sá/©|Ww÷ÁÌ¬LÅÕñØò ÷h)Tbèd_ÃR·N\
No¼:9VôZÇR¢ÂXaæõ)èTQ;Ë°\0åì£Æ>i®dLªOÈ^Y²@¡qf#3u.¯:;ÀÄ_VúÈI'ìÿ-$*}Åy²°XM°°Ë±¯IeÁõ:Ç]×º¤÷Þ©ð÷ÞÈr0÷ä*¹íTËÌêðFÈÔÊ+P$Oû©,¬Hõ.¨l «¬i ´¹hëry%ck£ñXß¼YÆþg®tQmª¨·|¿ó¨ÝV¶Uh1E\
3Wbd¨|¬{/¡UÌl,¡ÚÏ6êTÈ)Ócå0GµJ²J&ªõ?p>5½Qk×¹á¶Ò~ÔÙÛ&]M](fVH*ã)]*ÕÃGµ\
Si?0ÒúïáÐÅ³´¹@ÜÇ¨ÃK÷r§¥W/&hÀwòÉ?ãúøíÚ¨rÐ°üWD4¿\\ÑpÚã\
J0¸·ßX$60ØqMìjr3äÒ§XÏ=TüZÅ,12P<Êÿ:Lj=)¾V¸Ã¥TwFó:¢ýTlõ´q÷ñÃg÷ïºôà§ûþ5<üì§îÎ×¯{Uå¯ïäÊtËÆdAXÛèf»äºlÄEö¶S£KÍw»Ô#ÃÜ;¹AÕ¢ºÚÔÃ8<\0®/QHMì)ñ*ÉÄÈ×ííTðz½¾IU:®Ä9\"xtý'G_ÿÜýòøÕ½þuÿ&Ñ¼yüÙwÃø`VÆàÇ¬\"ÙH!ÊAo,WF\"XhJ%EFÜ¸R©<Âé#sò£c,E7£ÉW*È>rÅï®*K&y²¨GÌO8!êïN§ñAbU8ÒhI/pÓéþÒ¶I&1íGÜ!ÏÈ¡æÐÛ(×ºõA«CK®å¥ä¶iyî\\7À¾ÒE9YÙ¥_±©P©,YÝ«Ç4ð77Åì²±îÖ¦÷Ö¦ÞÚÔ«j,Ìª~ñ6xyk«j \
jK9;zÅe_Äõ!±ôAúN¦FUÌÆªf_Y.1IR(J8Þ¹X%k PéA±ª¬½ØUHaLÆ¤+À¼fbå)dmÄ¦È«Ü1ÅàSÚÌ¾^õªjîMÛ+Å9Hj½9[Hk0õ{±ÉÛ=»ÌìùPuo};ÿ;Îµg`Ur+ëÔõ#5a?1ÚÈ}P¨¨bÏjwn°ÜOvòõA<{u][½ëf)ÕÈcÍh]ÓC²Íz)>×EèÜ^Å:³MÁFý=ÐØÜ{©¬Î\
Pi©ëJQtª¬À«»µI³à×õX±ÇM!zY­º76Iá[}­`41K6¾­ª`´a¯ÆLõ¡`dFõµóDEh#ä]`Ì\
IO²|u¡²Å¤p=ãVÚx¾I9wÂ$ÚöI ²lî\
æ8mVÕANJÚX»ßçBë^A´\
«ØØõµÎËìAtÌu1E>ûq	Tô9qÐOå~?å «ÍXU@ÈaEÕºFyØùa¢ýþf%|¯¤Ô \\Ð¦n%ºôuÑXÑØ7Üºv¤8¯PèBjçÎ®èYÁµÏ©(YÒ¯ÈÛ¨yPÛÂ~ÄÖûåZ2ù7÷}ûºýéÁoÝ«ï4üä·ÝOo~¹V»ÍaÓrù:®W;äÉ,QJÞL(n{5ÅFÃäÞJrß»F£mR×ºõÜ¼ê²%±&eóÌÛl1Yúôû*kS0èQÖ*jù7V+4tfµq{ø?òåÛxz|ÿÑ½£þîÛù§W¿5ôp³²W-c®ÉÑÀwÊÖëcp]ÝyÇØtï8U5jVG&ös§eð!Tö£mGäqû·¬¿ä,Ã°]õJYÂ|¥§·©Æ´!ûÔ'ëéÈ¬¦	s¶)Kc©Wç«ZMÑòõú-;¯á² és8§ü_¼+ØP^õEú.dÞH¤`´b½EÃ[«X·E´ùÍ\\¾b¯6³\
ÄQôm»±>Dñ\"Ö&4nW¤åJð9Ã4>O¬Ù?oo¾,¿-Üö.´¹qÜY®/Öµ+Mß7Â^R;û\"$J1EYl7cUJDÅ ôt©ò)&èóK?ï@[3F¶a!ÔzëÔ¾½ûÓç/ñÍÉÃçéàÙ7¥m¿úæÎµçß?=zùRmÒÿ}q·>yVÖÏ]¤¿¨O_Óü\
<¥+JÕí9ÅÐðÎ>TdjrfµB_¸{÷DÛøgÄd4 ã <«DP÷ï£~'ûaThxÏÒ2m©÷l÷bT,6!ê;ÿ|óÃ7ÿñÅaø&~¾ùþèïyPfe$n8BTlÓ4íA¡z/m¯fcHêìh#½¥³­Ð¦ÓMHåâUÃSæl:Ù~ú¦ùÂ.¨þ[t6íÀR°iK\0§áWã¢>6¢=û¾%Ú6¸!#)ö+VÎà&¨±³¶({²r@ÕP:×±Ms:Ø¬·öyÔ¹5sÌÇÌ¹É_¼»²è{·r±5'Û¢ÜÚ<äÐÄØ0»Ü´µc\
Ù5´F7UÝÌ¨@zD|¤ïËÚ¤2:DI¯³Á\0]óÆB[ñÉ­Å¸`Ó>Mni@0«äÝ>rê»+>÷Ö£4r-þ¯èÙ§G2«@d#CL8a\\Ô1À\"{ì#=PH¦Ð{öÓÇ|Ø³VD¸q°îõ²WÄ4-Ð[~û ÷qQ¶ä:èg³b!1uÅ:û<÷d&¬ YØ³2-0VY_§d4. ÝÝÿ}`µ Öé³AªýëS¸ßô¯þø½>yúæÛOèþß¯UJðyÒ-_Çìöë/ðlxAi»BXÊ;pÉzæûÖ»ÐµÕ£¡«Á:Zò}jÌ]Ïc¨Xcb0,8{·s	Aïv6¿l{Ú®ç1u¡ïÏÔÞOr6$Òê	#m2ÇøüKzðú»ÞþÜþrsø¨ñCçöàÉ«£ßtå»ûÏ}¾ÌÊì¹~yZaÔìFTÙAaBaö­:F 1cLÆçAß+M]Ï½·U#FPYS!Óæ ­U,I½(¢jm¤bF]°FY¦9«m1ZhS'ÈõU?_Ûâ'E^½Zùàw¿ Ñ×M;MíËõ}:OØùnî%]ä¦D`U#q8Öà}ücÃm#Ùx¸\
£ÔÂ{´Â1ZõHÕ?0\\gÇÑj[Â¦øçz	ýÏL/½=ÜÊªoe=öIÂÚG©ªíPSDr$ÓbM]®Ùz(³b1êæ41«!>E½vë²`ôÂÅÊRÀýÌ4*,Qw5 ]Kq^©à¨mÓ¬0uAKFÚTzk7ÎÎ;»1¹ôöp««þLUgC¼8o_§Ò×6¶¥iÍ:3Æ\\ïRBu(±+ÍÜùíÌp¨d[TRÇüv+|+SI²¯Ü¯Ðêysz!ºÖÌÍfa­ÛW[¡H·Éyó&î­é8;ïÇ7îÅ·ÇÊ²,Ó§K?0°:Ý;m7Mé½)QMG!5¡KÐen¤èçÞg¦!J¥\
M^õn9Ð«Í'Ïnð®4kmü9dã¼êþ:æ§h[ÒÖ	à,°:ªÛUÔ¸i'÷Ölwfcjåí±²æÍfLÇ)1 \\Øas7¦ÖÅe®5:iru×°k«S¼4û8B9a`e¼Õ%¶Õ5ÂÑÂèâ@]Z,b@Ä$CJã3³áY¾Öx$®VÆbsºT®Ù^ûÅçWVý#Yì¡`Ük;P÷Ö>ú¨BÑe§KmHSlR½õfÎÍr@eYNkkÕU²éçzö>r*FÈóé}ÊÃWúÕ¬÷Ôæ~5¦P¯à%ú·¶äÖ\\-!D!¬ñ¸CàR·[~Ø©J²ã«m^PÛõØ4næ7%¨ÊÞ'V;Çbð\"þw¦Ä¦G¦Äñ@HXÙþbPc$¤·,®uV¦Ø5ÒÆ9\0·¦äì¼·¦dkS/ÈZ½jÜa¬UÂ`l6FXBt9\0»\"Ìu¨1ÎÏHk÷·]4Ðõ>¾QSc\0«õÇñMÔ·-MÎ<¤u%Að¶È|N½µ$WnI.*JiR:ù\\ÐÀX»À5¡¯]îtmËMWfJ¬$p&£øEÈJú÷UÁP±ZöªN¸2ÌÐ*AÔxÒõÔøgOSÃ®ÆÍ½ñfU@Ýy<	JlÃÈ2ÄÛWMF)H0&×¢ßa²Ï³Kømd´5	<ºî4¬©nØ6»îT¨ø9bT=ÝSÓÝÕ7~10ll»»µ$gç½µ$ÛZ@ìñfÁ¼Iãc¯q89@_ªµöCq!Pi²OuÍóëï¯À;«í¡4J`2j	¶Zã*á`ªªUqÍ°·äÖ\\½!I&n]ÙD¦\\[Û¥¯!²këLV+\".:ºjZzázvDc¶D$x\\°÷f+Iv{Ï8¦&¨â$bÍqó>°~}!ÂíæÍ­%¹zK2¾:*ÅfÉË£Rcdª[bÇÑ5½ËÞ×Å¥Î_7SmóFDñUÆ¡?2%*(GkJûÙ¼¡Ê¾F-ÀÃ\\ÍÀXÊc\
$)7¤ßDfµ$þ6IrìÈÔÊ/>½²æ{¶\"S1N[ôÉX¹w¨{OIbÂÚ;áÒ( 	ÁÕ¡«}Ýuµç^¼jVÃ:e,Ö¡Q|ue¢ÑÇñ]EÝ Ö¼p¬» /Ùdrïß´jÑë£ûOË_½<ºÿxr½ê'³à[^ÆüVù¦UH0íKJSO­/±v¡è¸ero³«E.};;òPià.DÙ7ÁÑ¶u´Ø/¤å Øü@ãæf°:Óý´Â±¯\"®i¤`&=ÖÌA ÔoÌJÌJÝoºÇ¥Õ´JÑ`6oä)u K¿tYØt\
\\ºlîôñØýKìlõ\"Fé~=ç~ûà)Ú(òà xQc×±³Ñ1ï5êóì	12V~Ê¸TEÂ3ãv¹y/°%WC+qnÙªÕÄä£Ì§[ÌÊ]	ÃM=´9°(v\"A±S)Õ ]ãtWç¾8(êÐéËÍÌåÖsªlaDë#]Ò	*KÄQ|F.pO½bkûÑÇR«Ú£ºàMÙ¼§_ÿòãë×¿ÿàí·ýÉßÔÇáÙÝk¸Ëóúàp{t!to>6ÙA6I/ó¸¾ÔHÏNCOãþö¹¡Ö5z¢Þ#lçWü8ÒiU[õ@9$Mãú$±ñTp?{ÊhMâ-øêÈL#¯$ÞlJm3l¢ªyöðùág_þî¿Úýmîo³²	WDi=]¦§&Ûhêv)ÛÇ¦{[ê5SmO­ß·×¨m~;âc©Ç#Å¨¿Pr¼z_öLÖMàó¥ÒFø±*¤l­­\
3TõÖp%`^ìÒû\0>%´,Ö\
8Ó÷e([7Aèox(:¹ôöX]ôóÓ­,ÇÕ°·I¨Q\
,øÑ·6]Î}ÍN<4ªHÁö¦ uúRh6ô%Ï¼MaEô0So#m«ÀgJ¬¦/ø¼~O²éúWÔ<g\
Âk5=D£Þp,l[m5t³æ<}kæo¦VÞneÑ¯Ê:LNþKNU?<í\0;Ì%ûº¸¦i3Û¹Î®BàPæ¾çdÿÈcPàä­x1m,·bTãEÈ«öbÖY5c¹Á9Å´ß÷qçöüúGªyU7÷îýòÇ+¾VAðgOUuç.dvDßÆÆ»R1xuí»yR»\">8uù\
;Uuô®ïZY_Ú:ÌnðÍXÕCªl.·O1ªªÉ	8W¢(@²A>z¾ýôw¢wP!^Òº´­FéÃÇ\
x×Ä°iÿù|rÿÎÏGG?¿þå_~=|óú·WþåÌÊTìäß.üAÛÖÊíPîÀÙÆÀÕîúºö®Ñ`ÓEÖUlÛ:ûnî$÷º6Íá^AÂ8>ÆJÀ^[Lp)ÁâìGHb)\
kª:m:§ÏjTº°\"öÌOonXûw{éÉìPO¤&°©ï6FÀÒ8+þu¾kE A³Çv\"6ul$R\\!¶Êq¼dÌÆêMy?Uz	dí HÔ¹È#2úp°ý{ñÇdèbªQùwÿ]%pyÌ¦â=ïÕ´e`Ëyî]ý'®NKÓÆ¹'DUÑmG+¥iT~K¾\
ÔDf#µf~àÞzèSeZ3¥cm$aJÉ<O¦UH:ÈacBôßVðe2ÏmâãûmT7]£Nftm¢+,]ï»¾Ï2¿ýeÁGOª²Më,ãÂs¬1IYõ:Ç=©X{¶ÈeHHrß§J}¨z&µNzçÑ·-w ÚXdzErV^Poii; AZµ1Úl3];qM#ÅõMW:ê%µeîøC®0`b]»^TrPeè&g³ªÆ^d>ù5B¾Ä»ÌúÁw÷ñá½ï~~þÇüeW?{?^¯Òé¯ë×OêSØÁýX¬uW3ÃBj`BÒx;å¸=k Y«¹3ì[Óë®íº%¹ã8òF7ã/SÝÉÐ]-ÜYàJÅ:Y`AAÀp\"òªvÀJ½YP¯ºx^×H%6#Ú­÷Ï+uòé¼÷¥öq(¨·;SÆ*d²EY</uëzúlÚï1l:·¬hsñ,fX{Ee>h´ýþyc]´ÃP%ÉÖµxÎD£Ë[·W7qcVëj\
Me2×9íÀls@\
w½P·{.±>×¥FAI37c²ÍØÞgVû1è°Xàâ\\ë08¼pt_¥bÐL@÷ÏÅýóîïî·ü´?7'_É½û/?úSðä»rRêãöéÀÉêµ\\¯¶8Mæ \\¬}k×`Û6ë}°ùg}t©KÙum	Jg=?Ü¢ÑlB\0Å!P¤ï,@HQ¾G@adz`,ûÊõ$\
M³±azaÍÑ÷Að¢¨Êó³\0FqÊR±ùÛÃþçã£·ýo¿~ýãg?|óÕç?ý2ËgeBö<D§+VEììÐzú¦øúÆbî\\î;têsËÜbevú1vX}F4·¥ÒÛQQbÀ(GØªêk²dT§$çê0}Ì}ä£BºÔÖ·ú0¤\"q.êm_£Y7^E%ç!c«ÝNRÒ4mµÄn~þb¤ì+5©j{ ÍXV$§¨(Ù¨ö1SZj A(°¦-iú³òm	6æt#éÐ¿.L#IE°ªiÅ:;8R&P m°ý¦qM²l®ÔÑä1×³#Ò+Å½(Añ!Ò¨F	«LÉó°ØOKÞºNÒ5Ü ?©ûÚÔ óä³ÇìNþ_¿|ù4ôë_ßm^]«Péá£?K÷¤Ì!VZs1/{Qø ~gìâPí<ïù¶h½¸ØöÅ±gqyPJÏJÀÙí­ >¶ÑG6ÕÑ-7!(¼ª@²õnZ{ÙFi5:Ó»¯¨s]wòóÁ9§¸Ií)<ùÆçþDÚû÷ï¹¸öÙÑÐÇÍÊ.\\»0EÀ0©XµÛÅ¸Mª%óÜ±ãì[Wc°­±¨$ÍñAÄÛÐ0´þÓ$ÄJoeì\"ÆýX¾õW%«Ùèö¡J-5Á5Tb3P×ô°ª6A2ë½Õô#à$9«ñ\
ÙxòÚÖRß±F×ÙìjU&»&gvÖ¡hà}í$ÆJYM³IÑ/Æ5¹* 3ÿaó¥4#gªñ6F8¬©eÊÈaÕ)~MB°B¦d{Dª!·þcë)ÀtCg@5>í\0¥Jw^\"ÖIÅÅ¥®A':Eu=wÞ*ê$e1IqYô]fQÍ¸¾Ë²§\
¯5Øi5FRmÉÙÝY?>~ôÛÁÏO½óLÜËãÅã_~»V!Ò÷¥}ul+8iõZf·4I,Ó ävh¼½Ca[îKì!bnúìRh¼Ó°½£Òxî¹ëº`m\
ár¦|Á­ÉKT¢Z¿e'Q¢AQÈÔ£Ñd=U0°!ÙcSB4c´vëÔ¸G?úùù£øUwòÛ³GõÐíÍÊVÜð\
ç+´]wL)bÅûè«`ÃÔéÿaÚtJuO%èÉ<Ð2Y£XëÉl)>ØÈþgiT0É÷r^î/GçÙÈjÑ?ø¼±G/A ýã6¶M/4,}c½!AÕ0)W[¥g¤çÊs´­.°Ò¿LÆ¬wXºóÿÍF«d3Ö,M¡PÀçåB®Du-I0ªtã¤£%ØÐ´QSËw0Ub\\çô0¬µyã¢6	ÕR8ìôîúR¥ëíµZÝÍ§ôF,dÉ#¿ôuõæB`XLMÑ«$nÅ&ì=» GuHÅYn{¨Tß(äÞA_«]¯ñd]º%Óc=ûvÐ-$Ósõ4ÚùÁ{¥5È°$?¾®+\"HU0-@´&udåjåôý¤æ`¥ÿ¢¨îªÍÚTu½Ü×1¢pÉ¸lY&UÛíÅKi:çëÆÝ	»Tv-sçÎ\
IªA!#Nz¾ü>Ryà+°èC\0Òº--¼1þ$Ö4A«û¹jõ+ß0Ì¶^èÿãý|Z¿|ùý©þ­3¡_ú {~°ï¾>(Ü]cúÅÃ¾ÚBL<ËÂÝüë?þõÿÝ35","4e6d00d2-94d0-4f91-b236-7ca0fac52046"
"61ad3701-fbe8-41fa-ba50-f69e92d7c082","e67998f1-3ba0-47e7-9631-c7f1583c4fdf","0e37e38d-eb11-47b8-83b2-1bc7568daaef","xÝ[kSâÊý+SÜO·J=ý~øÈ(8âcjÊ$@$$yLÍ¿; &p4fæ5U$t:I¯Õk¯½»ù§C+·³&mÃ±MßçvrØÛ';¹Àùí¨E/Áþ?ÿNßìÙ´³k`¹aÛÿþ3gÐ7/Æ¦¥««áìôFè¬Á åã]|«n×±àÔ$·¿C;¹)|Ñ±m½Ü>åzÝí¹}¬-®ÚOAè{}«è9=þ§Óéðþnv¿ë{#××±§N£àà=sË~.·ÄËã×­ ÃnÏµ`ÞÆm;çÅÑFwVÍèõÀõ#@1JWF£§ºçF)&QøNÎJ0atqÇpÞ$zòÓØº#ÇÙÉ¦1oðGÃ:vl·¿lãxíþJ?óÁX<{ôý¯Gha7ïWý»VMtN³ðö~=H|YÁ>¯`¤É&Ì¶e¶I2DOßm\"4BªpÄ+æ)%iZ¤D\\tÕ¯ðàkÙª`b_8å¥Ù3FÐã<j/âA+¦4Bì-ª÷L+*>J¢ÀÃ{s%µd^Qk®W Ä//£5%ÚV2°Oß­Û3Ú½o½|´h&lZEcÈ©´:5²\
&zöB¿£ôcçûnÂ¨Çû¼caÑìîø-êey 4ü°`»¦ívç,×|ufÞ*ïûÞ¸gæJ»Ø¹òý|dýõDÁóâìk«#ÄÅµNÝ\0ª£Ò3Ck>R¥BþL2²Â*¶Fa\"F¡o¸ÁÐð·QéÓTB!É(×|J4& 0ñRk\"È4éý\\ÍsMcçM{¡%GÆÀvàmè¢qÞ±»n¤V'\\óÐð¾<zÃù`Ö\\Fæ¯Õ^8ò«Oìð|»k»söêö¬çðõ|µD'êðÿéE¢Û.ÃúáOTû6¹`§GjíÕ«'1yp|/js¸bLãèoffX`à\0\"«T1ÕÒ1Aå¸&#oáÚÙÈ\
~'ÙïÛHX¹ö	Ô(óãv5)¶2à|Þl{þ¸èÈµ`w$ZáÓqß£°0üè¨!Ò½+:¢Ì?*ú}=-ÏhYM[ùV¹Ò.÷£$'?MþfI\"HDUªÄ£DHýH¦W$JâoQ¤+ÂêwjÒêd JãÚ'£¼nVNìJ}löTI#¼Ç´\0<òõ¿¯ö4[Aãaª+ü Yr9Åt5Y[±÷OE	`Ø> YãM³fµOz¬åO«ãÙý¤Ú-id y`£EKâ¿Y´ g°sýÂ²ã×\\Q@hóÊmÎê.\
Þ÷÷Ú¨çÈ@±.ãsrç¨üe÷,Ìo<Ý')L_´'Á{\"B4$UÏ%\
­D ®a\\å³díI¦D@¶.æüebõ2õ7)E`ôù\
{}, øýT($ÄåÍ5V¡HôØXÿIzgZUÌ¿r.[õVýVõ.Ù¤ýÝ\
L%õ\"o$ñØÒ(Pasl|T¼ßþz÷tûÔ.ì^Ôf'æ.LA·%/+²¬­þ[PuåóOµdÅóÏ3dZaÈõâ9ñÌ@E¨+¦D¾C¿æúG²+Z(	·{Î&Öèæê ÅÌØ°Ò²¬nÍÿ*/7Ú÷NGµ5[·öøÝöZTs6ú1)(ãàÒS²¤6ËÓZx~ÖXmf6HáÜñëâàºê½Ã¯Í»£ÚUaNåIf£þÌUúk·,T\
0/RDÿ%Þ¯`NÅ@ÒñÍóyó\\:¼».ªÏîù¤1½ÎËÖØ×*)ØÓ(F³­Ì\"Å¯7Æúµ#õûb=RÉVC½M%È)7õ8%þ¦ñøW~[Vß~1º ÆÀ\
CÐÑ/ûÿýmàßësÍÁû#*(¢L'º±9Ñ«æ¸ðR¡öí} wí×[-aL¤ÑR?6AÄbÅ$Â0¤;kÒ¡þi¾×\\W\
M#4íÜå-#ÄXF\"¯Äl\0J¿$0xóbf:TlIN$ÙaÎQ¨ÝyuHkx3«µÐápK(A#páé@\"Lè,fR\\ì W¬G&Ûæ vOiÌIEÆ%;;µkÅÆvAÊÌ.QI=âôûA¢XE{²I\
0&ÒmMÆoçEÑRç³Û²QFñìd(@ëß,¨0¥h1Ù× d`W»ãÝÙýåÅøç½Æññ ·]9kÓHpL°o©|?JI½¹\
\
%wb&V«Ö¢T;Ü­¼xNË¬ÿ&n'æ¹ÙJLdI$Iª®Pfx¬.±é	|âBá%Û®kTrór*~ëp»(e¤vQþÎcÑZÊû1ºÇ§cÓ;xD¡8Öë!c<:>n]]£Ë4n¥íBi@µã§Gí`¹ÅÉ\
sz^YöÅpdg§¨kÞaÉ«o¤¬ì7W)HSE$-Í Eâ±j R²fwÎ\"É­¶Õ¾uwkÕÖ6t«]ØDe8ÇQHS¼Öoß¸ÿ÷Í~%°Á}ëy«mvÌ-OGiyrdl¤âQ¬L#\
o®S~V¥¡!åÑëíw£oìNè¡mÌÌão·½ÉônKR·(«xÞ[ÚÑ4)ø!²¨Åmbèzò·íRÊNç8¬Ömrï^Ým£ìJvrÊÖaØüCÏ²cýøe}<:R£o	*ù]Ç­ì#»Ëj·ÛÁ³l+SA¢ß¦ÂH*F±½+Û`¢e¥2îëí«v^Uý-CÖù~d¢RÅ#Aì2(Åù¥J\0Në-ÃMí¼¶Ì]IiÖW'5Ol¤¬ÄN@¤(Âé@bê_ö1¥H±MW	¤£EïµesvÏÅYHÝ¥²YßöDÊ°¤ar¾Ë6ÜAHôeÍzÎw}Û\\,?Gö`[ãÂÚÿ¼õ÷ë×ÿ\0Ý°õõ","68eda258-8a30-4c75-af90-cdefab7c81f4"
"74902fae-3ee2-48a7-97aa-e7973778ebf9",\N,"c26b5afc-7b7e-4976-bd13-5d088249532d","x%;Ã D{ÖEäÒerQ\
kkhÁqw³xºyó4¹B¦_\09\
	V©]öÌ7 ÞÕih=út3¯,|Á¥XÉëÝ\
aJ*±k¯d!4þ÷þbÂþPú³_yzëOos¬Rio3Zàó\\ºrÆê/Î","94e70c3a-54eb-4963-8d46-bbfc2651bc7d"
"76454b48-bcff-426e-9859-15f770eb145c",\N,"a9e955a6-aa58-4e5f-ab54-c32dc9218664","x%;Ã D{ÖEäÒerQ\
kkhÁqw³xºyó4¹B¦_\09\
	V©]öÌ7 ÞÕih=út3¯,|Á¥XÉëÝ\
aJ*±k¯d!4þ÷þbÂþPú³_yzëOos¬Rio3Zàó\\ºrÆê/Î","3a4644b5-5bc0-48fb-bec0-66a374c8c8c2"
"8a96a1d4-353e-4fff-bd4e-0e14480ae9a9","2cdb071c-8fe2-48e0-a30c-5236f80e52f9","676a5c24-e675-4b79-954b-6162a235ad2a","xÝ[kSâÊý+SÜO·J=ý~øÈ(8âcjÊ$@$$yLÍ¿; &p4fæ5U$t:I¯Õk¯½»ù§C+·³&mÃ±MßçvrØÛ';¹Àùí¨E/Áþ?ÿNßìÙ´³k`¹aÛÿþ3gÐ7/Æ¦¥««áìôFè¬Á åã]|«n×±àÔ$·¿C;¹)|Ñ±m½Ü>åzÝí¹}¬-®ÚOAè{}«è9=þ§Óéðþnv¿ë{#××±§N£àà=sË~.·ÄËã×­ ÃnÏµ`ÞÆm;çÅÑFwVÍèõÀõ#@1JWF£§ºçF)&QøNÎJ0atqÇpÞ$zòÓØº#ÇÙÉ¦1oðGÃ:vl·¿lãxíþJ?óÁX<{ôý¯Gha7ïWý»VMtN³ðö~=H|YÁ>¯`¤É&Ì¶e¶I2DOßm\"4BªpÄ+æ)%iZ¤D\\tÕ¯ðàkÙª`b_8å¥Ù3FÐã<j/âA+¦4Bì-ª÷L+*>J¢ÀÃ{s%µd^Qk®W Ä//£5%ÚV2°Oß­Û3Ú½o½|´h&lZEcÈ©´:5²\
&zöB¿£ôcçûnÂ¨Çû¼caÑìîø-êey 4ü°`»¦ívç,×|ufÞ*ïûÞ¸gæJ»Ø¹òý|dýõDÁóâìk«#ÄÅµNÝ\0ª£Ò3Ck>R¥BþL2²Â*¶Fa\"F¡o¸ÁÐð·QéÓTB!É(×|J4& 0ñRk\"È4éý\\ÍsMcçM{¡%GÆÀvàmè¢qÞ±»n¤V'\\óÐð¾<zÃù`Ö\\Fæ¯Õ^8ò«Oìð|»k»söêö¬çðõ|µD'êðÿéE¢Û.ÃúáOTû6¹`§GjíÕ«'1yp|/js¸bLãèoffX`à\0\"«T1ÕÒ1Aå¸&#oáÚÙÈ\
~'ÙïÛHX¹ö	Ô(óãv5)¶2à|Þl{þ¸èÈµ`w$ZáÓqß£°0üè¨!Ò½+:¢Ì?*ú}=-ÏhYM[ùV¹Ò.÷£$'?MþfI\"HDUªÄ£DHýH¦W$JâoQ¤+ÂêwjÒêd JãÚ'£¼nVNìJ}löTI#¼Ç´\0<òõ¿¯ö4[Aãaª+ü Yr9Åt5Y[±÷OE	`Ø> YãM³fµOz¬åO«ãÙý¤Ú-id y`£EKâ¿Y´ g°sýÂ²ã×\\Q@hóÊmÎê.\
Þ÷÷Ú¨çÈ@±.ãsrç¨üe÷,Ìo<Ý')L_´'Á{\"B4$UÏ%\
­D ®a\\å³díI¦D@¶.æüebõ2õ7)E`ôù\
{}, øýT($ÄåÍ5V¡HôØXÿIzgZUÌ¿r.[õVýVõ.Ù¤ýÝ\
L%õ\"o$ñØÒ(Pasl|T¼ßþz÷tûÔ.ì^Ôf'æ.LA·%/+²¬­þ[PuåóOµdÅóÏ3dZaÈõâ9ñÌ@E¨+¦D¾C¿æúG²+Z(	·{Î&Öèæê ÅÌØ°Ò²¬nÍÿ*/7Ú÷NGµ5[·öøÝöZTs6ú1)(ãàÒS²¤6ËÓZx~ÖXmf6HáÜñëâàºê½Ã¯Í»£ÚUaNåIf£þÌUúk·,T\
0/RDÿ%Þ¯`NÅ@ÒñÍóyó\\:¼».ªÏîù¤1½ÎËÖØ×*)ØÓ(F³­Ì\"Å¯7Æúµ#õûb=RÉVC½M%È)7õ8%þ¦ñøW~[Vß~1º ÆÀ\
CÐÑ/ûÿýmàßësÍÁû#*(¢L'º±9Ñ«æ¸ðR¡öí} wí×[-aL¤ÑR?6AÄbÅ$Â0¤;kÒ¡þi¾×\\W\
M#4íÜå-#ÄXF\"¯Äl\0J¿$0xóbf:TlIN$ÙaÎQ¨ÝyuHkx3«µÐápK(A#páé@\"Lè,fR\\ì W¬G&Ûæ vOiÌIEÆ%;;µkÅÆvAÊÌ.QI=âôûA¢XE{²I\
0&ÒmMÆoçEÑRç³Û²QFñìd(@ëß,¨0¥h1Ù× d`W»ãÝÙýåÅøç½Æññ ·]9kÓHpL°o©|?JI½¹\
\
%wb&V«Ö¢T;Ü­¼xNË¬ÿ&n'æ¹ÙJLdI$Iª®Pfx¬.±é	|âBá%Û®kTrór*~ëp»(e¤vQþÎcÑZÊû1ºÇ§cÓ;xD¡8Öë!c<:>n]]£Ë4n¥íBi@µã§Gí`¹ÅÉ\
sz^YöÅpdg§¨kÞaÉ«o¤¬ì7W)HSE$-Í Eâ±j R²fwÎ\"É­¶Õ¾uwkÕÖ6t«]ØDe8ÇQHS¼Öoß¸ÿ÷Í~%°Á}ëy«mvÌ-OGiyrdl¤âQ¬L#\
o®S~V¥¡!åÑëíw£oìNè¡mÌÌão·½ÉônKR·(«xÞ[ÚÑ4)ø!²¨Åmbèzò·íRÊNç8¬Ömrï^Ým£ìJvrÊÖaØüCÏ²cýøe}<:R£o	*ù]Ç­ì#»Ëj·ÛÁ³l+SA¢ß¦ÂH*F±½+Û`¢e¥2îëí«v^Uý-CÖù~d¢RÅ#Aì2(Åù¥J\0Në-ÃMí¼¶Ì]IiÖW'5Ol¤¬ÄN@¤(Âé@bê_ö1¥H±MW	¤£EïµesvÏÅYHÝ¥²YßöDÊ°¤ar¾Ë6ÜAHôeÍzÎw}Û\\,?Gö`[ãÂÚÿ¼õ÷ë×ÿ\0Ý°õõ","a24b5176-3bf8-419f-b4a8-9f77cd8a3e96"
"8b3b4e55-7b04-4d73-9852-9d163a7eff56","0bbbfdfc-9bd5-4b85-b613-4cbf4c662250","fefb6af1-cd65-47ae-b295-93cd76bd1df6","xÝ[kSâÊý+SÜO·J=ý~øÈ(8âcjÊ$@$$yLÍ¿; &p4fæ5U$t:I¯Õk¯½»ù§C+·³&mÃ±MßçvrØÛ';¹Àùí¨E/Áþ?ÿNßìÙ´³k`¹aÛÿþ3gÐ7/Æ¦¥««áìôFè¬Á åã]|«n×±àÔ$·¿C;¹)|Ñ±m½Ü>åzÝí¹}¬-®ÚOAè{}«è9=þ§Óéðþnv¿ë{#××±§N£àà=sË~.·ÄËã×­ ÃnÏµ`ÞÆm;çÅÑFwVÍèõÀõ#@1JWF£§ºçF)&QøNÎJ0atqÇpÞ$zòÓØº#ÇÙÉ¦1oðGÃ:vl·¿lãxíþJ?óÁX<{ôý¯Gha7ïWý»VMtN³ðö~=H|YÁ>¯`¤É&Ì¶e¶I2DOßm\"4BªpÄ+æ)%iZ¤D\\tÕ¯ðàkÙª`b_8å¥Ù3FÐã<j/âA+¦4Bì-ª÷L+*>J¢ÀÃ{s%µd^Qk®W Ä//£5%ÚV2°Oß­Û3Ú½o½|´h&lZEcÈ©´:5²\
&zöB¿£ôcçûnÂ¨Çû¼caÑìîø-êey 4ü°`»¦ívç,×|ufÞ*ïûÞ¸gæJ»Ø¹òý|dýõDÁóâìk«#ÄÅµNÝ\0ª£Ò3Ck>R¥BþL2²Â*¶Fa\"F¡o¸ÁÐð·QéÓTB!É(×|J4& 0ñRk\"È4éý\\ÍsMcçM{¡%GÆÀvàmè¢qÞ±»n¤V'\\óÐð¾<zÃù`Ö\\Fæ¯Õ^8ò«Oìð|»k»söêö¬çðõ|µD'êðÿéE¢Û.ÃúáOTû6¹`§GjíÕ«'1yp|/js¸bLãèoffX`à\0\"«T1ÕÒ1Aå¸&#oáÚÙÈ\
~'ÙïÛHX¹ö	Ô(óãv5)¶2à|Þl{þ¸èÈµ`w$ZáÓqß£°0üè¨!Ò½+:¢Ì?*ú}=-ÏhYM[ùV¹Ò.÷£$'?MþfI\"HDUªÄ£DHýH¦W$JâoQ¤+ÂêwjÒêd JãÚ'£¼nVNìJ}löTI#¼Ç´\0<òõ¿¯ö4[Aãaª+ü Yr9Åt5Y[±÷OE	`Ø> YãM³fµOz¬åO«ãÙý¤Ú-id y`£EKâ¿Y´ g°sýÂ²ã×\\Q@hóÊmÎê.\
Þ÷÷Ú¨çÈ@±.ãsrç¨üe÷,Ìo<Ý')L_´'Á{\"B4$UÏ%\
­D ®a\\å³díI¦D@¶.æüebõ2õ7)E`ôù\
{}, øýT($ÄåÍ5V¡HôØXÿIzgZUÌ¿r.[õVýVõ.Ù¤ýÝ\
L%õ\"o$ñØÒ(Pasl|T¼ßþz÷tûÔ.ì^Ôf'æ.LA·%/+²¬­þ[PuåóOµdÅóÏ3dZaÈõâ9ñÌ@E¨+¦D¾C¿æúG²+Z(	·{Î&Öèæê ÅÌØ°Ò²¬nÍÿ*/7Ú÷NGµ5[·öøÝöZTs6ú1)(ãàÒS²¤6ËÓZx~ÖXmf6HáÜñëâàºê½Ã¯Í»£ÚUaNåIf£þÌUúk·,T\
0/RDÿ%Þ¯`NÅ@ÒñÍóyó\\:¼».ªÏîù¤1½ÎËÖØ×*)ØÓ(F³­Ì\"Å¯7Æúµ#õûb=RÉVC½M%È)7õ8%þ¦ñøW~[Vß~1º ÆÀ\
CÐÑ/ûÿýmàßësÍÁû#*(¢L'º±9Ñ«æ¸ðR¡öí} wí×[-aL¤ÑR?6AÄbÅ$Â0¤;kÒ¡þi¾×\\W\
M#4íÜå-#ÄXF\"¯Äl\0J¿$0xóbf:TlIN$ÙaÎQ¨ÝyuHkx3«µÐápK(A#páé@\"Lè,fR\\ì W¬G&Ûæ vOiÌIEÆ%;;µkÅÆvAÊÌ.QI=âôûA¢XE{²I\
0&ÒmMÆoçEÑRç³Û²QFñìd(@ëß,¨0¥h1Ù× d`W»ãÝÙýåÅøç½Æññ ·]9kÓHpL°o©|?JI½¹\
\
%wb&V«Ö¢T;Ü­¼xNË¬ÿ&n'æ¹ÙJLdI$Iª®Pfx¬.±é	|âBá%Û®kTrór*~ëp»(e¤vQþÎcÑZÊû1ºÇ§cÓ;xD¡8Öë!c<:>n]]£Ë4n¥íBi@µã§Gí`¹ÅÉ\
sz^YöÅpdg§¨kÞaÉ«o¤¬ì7W)HSE$-Í Eâ±j R²fwÎ\"É­¶Õ¾uwkÕÖ6t«]ØDe8ÇQHS¼Öoß¸ÿ÷Í~%°Á}ëy«mvÌ-OGiyrdl¤âQ¬L#\
o®S~V¥¡!åÑëíw£oìNè¡mÌÌão·½ÉônKR·(«xÞ[ÚÑ4)ø!²¨Åmbèzò·íRÊNç8¬Ömrï^Ým£ìJvrÊÖaØüCÏ²cýøe}<:R£o	*ù]Ç­ì#»Ëj·ÛÁ³l+SA¢ß¦ÂH*F±½+Û`¢e¥2îëí«v^Uý-CÖù~d¢RÅ#Aì2(Åù¥J\0Në-ÃMí¼¶Ì]IiÖW'5Ol¤¬ÄN@¤(Âé@bê_ö1¥H±MW	¤£EïµesvÏÅYHÝ¥²YßöDÊ°¤ar¾Ë6ÜAHôeÍzÎw}Û\\,?Gö`[ãÂÚÿ¼õ÷ë×ÿ\0Ý°õõ","eb6faa40-310f-404f-aaf3-b4c6b41dd496"
"99d00877-bef0-4c7f-b0a8-f786931bbe6d",\N,"51c9a690-8b1e-4d3a-b26d-1f27af8ab350","x%;Ã D{ÖEäÒerQ\
kkhÁqw³xºyó4¹B¦_\09\
	V©]öÌ7 ÞÕih=út3¯,|Á¥XÉëÝ\
aJ*±k¯d!4þ÷þbÂþPú³_yzëOos¬Rio3Zàó\\ºrÆê/Î","348b0d83-3d2b-459f-bea2-07656f3a66c3"
"a9b5a122-cc6b-4b59-8802-94e47cabf58b","2cdb071c-8fe2-48e0-a30c-5236f80e52f9","2cedfab4-86c0-47b0-a26c-55ef182a0165","xE1Â0ÿ²´(]ÂR\"\
Ë>ã³ÎgDù;­¶ú*zzb·ÀàAR#gØAå&þKÜTKµÃð'÷çNS¢²VØóÅÀ2ªÓn¬$1¾ûÏ-¥Þ´¿OÂ-'Þ]Ã¶}\0¾D1ª","09c23718-f5fe-4f91-aa7a-ed7a857ad579"
"af58abb1-e48a-4dfb-abd3-e2156010ca56","0bbbfdfc-9bd5-4b85-b613-4cbf4c662250","5876c3e8-5e3a-4ce8-829c-e941d0eac4d5","xí]iW*[ý+µì¯}æá}C&DµºydkÕï3¾\\Lôõ{ÚE¿)	'öØ'MÃÚÙgµ×J©ÛªJó³ó³Ym4núg°ó³ñ`:ªàÍÉd8þã¿ÿ»ÔíÔzNk\0×Õºµ^­?ýñÏµªpÑ}\\øCõnºWÑrJ*§:\\¹ºË¨Vúnz=û#D#çgø/Cà?æ­ê¤	wµøl³Öj4'gP©à_Ë¿úþk<:µÈ ;Á;þW½^·Õ2¼_¹Té4Fi¿ê­Þêvï&|øBð=ÏÖïS\\Þ®ÿí½\
Þ°Ñì×Æc÷Á°TiMàóRü¸x·áU¿þ¿àïk5X*±QJ7Q|üãfÐÇÕ¤k#òü¬5ÂBNð¯ë¥î¸_¿Eì}qûÓn÷ül:¬Ü¨2V.²Tu[ýÎúî ÒÙxw5_ÿÏù¿·	âCÚ\\y?§4ÚR«¤Ùö1]WfîMcTdo¯é«Zdnó©ÅgÉ+£Áxj&æ±/>a0¤µp°¡×Ú,ñ$¹r¨¡BjÁñúCÜíÀ©)a¾¶B¤ Ò!?êVPGmüè5á1M¸)ñâS^á\
ßåKKj+4ÜY»[¸wó»äkkÖâH-×h<VÔ£G¸ÍR¥9Õ~G°Ä»£>I6d¨v45\
÷QÒµh#¸¶Æm%üÑNF¥þxXÁÒ¤ä°Ój«âÕ8Æc¨L)&ßÅK¹UÜ¸Ïü\0ù2íS2L1E±d§|[÷íÜ5¹-fgÍ>µôê5^ê/_êHM4¬SÚ¾Ä@KËªÕûïj/+æ0!j\"B_ pûi?Sý!pe£ÄÇ¯øPíTKBú!ZYÀ5Â0¡v\
¼gGð}rrñlæ­ç|kÜnlC5q(#F2P`ñÍÖ­ØÑòåÜð\"¥$î¬åËt´ZÁkVkØûï& %òúf~ÚNjP<»5v=¯Û1Ö^ØÖ­(LÚõËÛÜõàdvÔ°SRDH»!``FT­Ö*`ÍC¨± xØ®å«´4°¡µýâåÂ·)µBR£ñF;ä[.dÇµ¨êÎ8I<3cêÝ\\òÛ4¶åB¬Bîã*lêpÂ5|÷ÑÚãåÍÉgf7¶täæÏû~æ2\"Òï p&Wà°Ú+wË;Ëk£8It#Å¦·*Ùx¾ò*lÙeITÌ(^ªÃ@âH\"³_°÷*l òDsÂ5À\0Ô;ÓÊÂ?c;3íÛÎÀ­ñînúévÖWx~ÕÕ0½O&]jÀq±\\0p,¨Ëµ²¶@xA¸ð\0[WO¯ÓSdÏðA·¸ß¢8ìÝü:Y&RR¹¹_÷\",nO%_Î¸#-FÏàÝ°â 2n§[¿e9HàÇ~ÙâÒ£ÛÅ©0d7^¼E±S)«[û\"µÄ&NÇ¶À=¶@4°i¡ÊR=SGI1«N«]|É·¨åFJõ34õKXR*¢{Ìo¾PXÄrÑô¬u}Ë>ôýèÐÝú¢ÜýJj°¶BiÍ7%xF®åA-QQµºÜÜ¹@ØýøÙpv6_±°äó3T33Â·waO\07qC;D;,/îy±ÙLtâ5vqaå :hV­«$p«õÆEÑòÃDëYâ-ðþÃ~I²LÂ¯6ägìY°>ÉÂ×ºàF	viå§Z&¢è¨û0º¦È]3nó§,@g+°¬\
,ù°¹ÔHEV¿I1S®©c7­¤<°?B²uG²R¹\0m§`yö©Ï?NÆ&Ý.OGÃ}ÁRéX(Õ7®`ö}Ïõ¡à#-\
MþW¹&ÊîùÔq[¸3Çmñ#Ëð´ÎcfANöðä»Ç»?Ìùe/DïÕ­Ó',gÂáB$!®ûáUøO÷I²2¸KGÛU+?Á§øvûÏÇH<Ù£}³A¾õ¤Úé{Ë{Ù¸¾¼!æÀìª\0æ³J]ÏfMÒ@`ëq}ÌSVª°ZüÃ\
ÎOý	»ÛÝá÷o¥{¦éHxÏ+£a5q\"ý«ÎÑV\
ì}íAîë©\\ÃÒÏ8úÌ'LðÂAdÏAA§Äµ}ÍØÁÀ^ÉÛäÛµ¯ÞÐSP²äaº¢tÏ³qeHHý!IeÌ'Iò_$xÈµîÏP¸Òúl'N!ÛdÊ\\åc7åÇøB\\Üðe«q{º9*ÀÁÔ-!Z­$i2Ê0Q«ÞiOj(ksrQNj¯M)*Õ¤à°IÙ­Z§ãAoqñ\\$WI#_¸{¨Ì±E`M k¯ÀGx3L1z|¤rñ!Ì\\\
-T¤·>èOîZo.}Yþ+^êµºwé\\éýq¬-þ®LZ³Ö¤U»_h\\÷tãòªp·Õ\0ñukõ¼'­J©»~z2Â³x÷üÙèªºþ4Q«Ñêºùwò >á¨Ô«}ü}kÇ'nàï_	?Ùå:AÎar©ð)zR0ÃvÃ1^´biê­ØjL=gV3÷t½#3í(Ð\
ÏTàÇÇ5)³ÛàÑ#ËêhéW-&\0¥Àá¸q ÁÈ}¡:p&´Ö sv£ñºöôø\\)éÔ¯×U·?Ý!(¡¸ïÑ:<s©§4¥òÔ#Uûñh'Ó XÊ¯Â1W[&ÇÍH ¾c=n\0ÐÝ..ÕÝt4!j¹Ò[D+4ù*NG¡¡©/`¦0Þq'·ÚgÍbµÿ\
\0#ÓñdÐ«\0ÝÒ¤5n¶\"qç7Øþãaã`°wc2Õ¾_ÜMªíñËOòú>ÖNvÔbT8Ô¨ß5*å'y|æ&Uj»ÅãÇ¿Ö(Fh¡ÔÖþã Á¹ífãÒxT¥ F¦Ümº/LTwÂ]]Nf¤%/'­\
(Çúu%ê+t¥aÛ(´ðßN9;f©ß¯uÕ÷Ú@[YÌjÙ­KÍ[h\\WÁ±yñzÎÓåÝH¾uSG:à¡[ áÄ\0Èwom0ïjÞòCo?î0ñ'£ÊÝeÝÍlvQ,\
l#É#³iëêdêYëcÖ¿«8«!ÇÉU/p£ÕVLr°ùà¾ÿ~½ÄñÌÕfµ>Ê»É¨Vêªý·\
Z3ÿá\\1ÆwÓqý<(ké?4s½#Ó¹ÒJ:a$Ó=Ôö+ì1[2¦àï¢;ïáã`<A\\L+åº§½w\
ù¢¶ÀÂÁîí	.Ä_Hµúc£[íÓ ,¶1B!egÁ¢W%Gb)UBé>ófkRÛ8RÜôPÈÇùVTqæ©>9»ºe£{-(9zº¬s\0<©ÚÏûqmôâKA¹zÿ/¢ûQ7 ¨©ÿðfÐ{°VÙxõ²)RÏó×è@¦\"O´HæÉ6,.óýrKhì:]SpOÜ¨Ìh~Ø±(8ß5»q&1¿E¦ÀÐ[Ð¿gipw+)âHÃkö=Ql6×ÞhãYôâ*Y_4h5ÒMÆsõX«Ãûàñ¤4\\´úÕV¿±¾¤Ö¯zéÆÈ ×kMàí³ØÕ+îßG£Á¼Y+U7ÞÁ÷Üÿ?è?É9ù×ù?³Z2FAËñB9Ä=~ à÷rmá2æ»î<ä]Z¸Ll¹KÐ:Z\
ÐCÀÅ¬9\\èX¬¬Û\
0ïBsÊá2üÿú´©Ö;ÿgcÔºÝÖpüi£á¶°(÷ðB§YWÍçI6÷Ë|sºOµO$\0+MµK»Þ'Æ:FPÓbuÒa¹wÞ}%ïk\"Ú~¢Îp{\
Sú#öÊgÔþ£AoFÑ=¶*×Ê¥hìæyjñËØ¼Õ<BZÇHº«¨Yni<&XþöA¾Çn+²Õn\"ÓÍ½ê«ÜE3ÖtYßòÖn¯í4Ý·Øzê¤Ô°§ÅÖ#ñÄ+éÞ:7ùy§ýÚaô®sU?i¢@+Kð³Éêci¤RÚh%Vì0\"ùÆâ1 NM;»d4ªËáô¹Bg$Ü*FÀ0þÛzµõvsÕ¼Í¬\\±ÝuLÝaÖªV«PZTíûEEx5sª­¢<V4Ç~3Ë­\"wÀOP£dE|ýÂe§Bü»vËnûísv?ÉLKÍ²{ò(¸¹ÍDí±ÚL¤ôã\"v\"i¥v4³¡êvùpAÀp4H¡VÓã\\nË-ã2pw¾«Kå(0ã@°ÒY¦.Î0ð3ÚWãY>zÿ2»¸«ÇïÛÕÅb&p«x{^¤ïã}­.»/Q6þÿ /©q$q :XMÍ9,7À¾-1XÁA\\æ_ãÁJÃö&`m«ó@znÓ[¥iÔ¬Lî)8PùgvBóxv¡ßóæªj0Úrþ:5+ÍÆö£\
Vèezó1 Vàäh¬;Âª.¨Ø,÷¿¶vL£Â\0ÿ°>nùøgXfá6dO_JfÐx¸½÷ÉU6üÔxJËêý@à`vøs¶tMDj`óPf¨5äz\\ëhK±Æ¹ÜÀ\0%l;PaBaàÕbÅá*k(àÑýpxmh¿qãðÅqcd;0 Ýl¯Êh¶ð4Oå[ÓqS @1pN\
¨dýu¨ÐØ	>=þôÀ÷½þküZE5Ãâìh¸eÆ>yÙá\0Ï2ï%øc] ÉÏ\0Á÷7é`\"í)³sÊÄl\0î\0leÚÔâqÅ`óP	×JÀÀq¼XãeÚ7ÛKR~?QÇ\0\0ÏÏ×ëÀ6\\¼¤Æ¸>'»¦@>à?,Ûo(}±ãËÀ¨l=*Ò¯&:Yµï¦¼JO¢3q¢ÝDt·\\ý®ºq`ðl\"9¬ow¨­g.¨V{À0È%tTÜÂ c7÷úú6v7\0wOHÙVÓíZøö­Ýo\\GkåÌëpÚf§¤}n9ÅNXË×/ÄßÍ(~pqXÏXqÓÛ Évó\0½ñé»BoN«ñÒU(sÙ¹ª^OÉËA¯$Wï¿5äq, ·×¸¿DËÕ¼{hD®ù­æwõÏ?ôSW£~äîD¨tí¸Äâ)>úùpÍL¡§xPG.LVpK¦8¦ñÉMÞ|OZV­Ö0kÝ:°äï®C¤És!y;äµ\\©[çË*æ~x+òÀð	Þ>{D³y &ÊúÛø$,#)8ã m«^ë'TÄ¸,Ã2£é1I\
À~¬sÍÅ»©¬÷z£AªFæ)bÿy0ðºÂú<a3/£{ìS<>}Ë7[±¾Â,~íÈX+PØv¼z¹ReàPjÐðãN<A­\0sUäKÀªodOqî¸r ±Ö(ûîRbË'!¨÷¸óäÿ}Þ¬ÁÙÑ	ûÄ³¾>cHDoÂ¿ÂÔ!Rº=^á_à6hù+¡2/ßÒþ¶H|CNôh67éÜbúÌMRÃ»ËyéDpà3* ÜºM¬$ÒÁg{Ç³kÔlßòÍÄhdôV¿ÿgvQ«+`Gã¤ZåQi´øÄ±0}î9÷FAW(Eh öô<}¿\\tb¹y±3zØ§Û*RvUYì9A9xÞïvÀ¶$rpÜÁ&¨Ã&\
x«Ûh?Xl\0ãÅøEÈ\\=ÄÉ&#Õp#ùÉ¼è¯Ïþ Ú@à3.4vHÜmâËä2WÄCu+&îCýì©bÔá\
Ô1 )[µ\\\0ÙÁr_¬vÒsK|>¨t´g³ÿÛpð´\0ËêÝÆ[^£ÏP}ñÇêSq­Ïê¯ö²üZäàNCøûl¼\0£|·r9X&Ä(Ò/.pr£c§B/	ÛÅ|«Á@N¶î!(èwåpE°0ØA¼Ð+µr³ôÝ7üõßF>¥M5V+¶Çê=+¶U¡S~¼	Þ¶ìäD;­Is¹åËB±Õ\",\"Ì¡~ÅNQ©ö¦Úü½Sþ¤;e[¶÷HÃjúvîy1­Ücr3ª¦ÓE¾½ê,8èmÀzÀ®SeãÙ¼`îrÜf¡Æá¢±RàUáÒËÂ^\\@²>êpæK£ô#vËA'Ònæ7¾Í0JLØYúlië\"Z Ñf?IrY©cÞÚ¿ÀT¦u0/ÍRÁGèu$Ñ:%ËÄaÓÈãÈÅo¡@ù!8èç£Àp%¶Ä¥&ì·Ä\
¤Þ.ÛI²ô6\\7'¡ûV:ÖlÛ|léåÎbðIùZ0lÏ9ÄÊ5µÂôYMã`(FÄ¶ll&§új¥Ý¹?f£-¼b®Åßf¡-/X	¦Í&ªi;DsÏkÎY@ÍÀËÇ­E£é]Z4®g'zààAï&¼HªsÁëü\"£	^/ÞÃ¡vÏ¸(0Qþ½Nwªm5ìêÄ\"uåÚrÑhuª­\"¬ù±d0Ä¡XÊ(²¶Rº\
#ÒJù)}½Z*\
kdÝü§U3	ÐÓð¡ÈÏðÅ~=@)·øP}¾vkË·è\\ÔÇamzÔÕê@Ô\"¦×ÀúcRYw\
!ØS\
[IwRÄQNÆ¶ØØCNv'þ,åì¬òpÕ.&ÑR¸,íûÐÃëÓiCÅÁ¨dlhõþ§;è¯{\"¸ùØß·dJJvþ<~NÍõUmV¤£õ¶#aâ ¿#5ÀÉÈ&±ïªÁ¨%hF3ãGôÐ>h©ÒV\\r\\+I5j&°öµ`'¨^ågÉ7}½PQ¼Ô/âaúµ£ù×3þ 58HlK7n<w/B1v¿J¼ÝUÆ£wPj`ÁÒ®0,þìºs]lMÁKÖBIyàL	_z!qàm,us0¾IVÀFaÖ.¥¾O\0« Ä3÷»0ð}T.DËJ96!³löyH;{¶f§¨=ÛV3)oÀ÷´º°¨ÐÆ!nMç6·\07ÎjC]D*M7[PX\\vb(¨ß I1%rÏøçN³Íå*kËûþE·1õZS÷q2fpØ¤R7WÙK'9eKùAiÞÏfb£Qh;ðëµ'PQY\\<ÄìuìV'S«TÒðiÍñ]s0ÿ§Qwj,ñ¯5Í[îð	[¿æÅ¨ä³ûÇÄ:IÞ>¼Ý_¥*ß©{{qQS\
ºík\\gÌw  Ãæû3¸üSõ·&qjÁxÔr¾¾}Íg©Ë®Ì¨k¹$,!XdkMÓfI v¢cºZH\"0\
áa	þ×ú	¬¤çþ¥Ål ³y	\"àWr9üÕ[cÜl=4^WC}2¾<iªëGÞOx»ÅzkC´¥[ðn\
Ü$.JyØAÙ¬uØRç¹oÅ%ÊÒ¿8èCþÅùí@ê-Õ¦B.ö4-Õ[yÙlu®äðö*ÚÐFÐ RLa8kZvË®Üsí`Ö5cØÓùc`Kaß¿º²þÜnEE©ÄÜIÂ÷¤(½\\^(S*¤Â¯åÙ`ækåXêTxÉÀZ!ÃÖ´×íZSü[sØ$oê/Ngñv³lËk«P$x3Vy»}JÝñÙ2¾Ä2çÝ~Ïeä1ñîuG÷:­^ZºLNì\09 XGZþÞzØ\0KÁÜ`²í 	\\VKÌ²ø,d2Ðx¹>¿ÆÍ×lIy<qZÏ'ß\
¶8eõþ\"·h%¶å@Y3<¶¡{jø..r×³ìmønv/åxV{-Z¿ÜÑ7Q­2KÛåz8C>--*+S<Oå' çÓY¶¼´nÐgKÊÓqûlÄz×üj6¿(,+	jËÝB?ÅUc:h_µªµÌE±)ÄL~x>`ÿÆ1~ÀþT`²$ëÌßV.\"ía7Ñ¸~	ïàµ	G1EA§ô®Y6ÙÑà1`%2:¦G/©p µà\"1X\
¹-/­CÕ_.%÷$|?þ¯Pµ¿å4(a0¿Û9ìçn	kGeÖì¼t¡êóM 3Ë·!Àõ2S+¹>F³Ø*Iì¤Æ§)	/{qkÝaÏÉÇ8üóAªâ\\ÓÂHµô6_ý|cDÄ¿z!ßªýNV©; Ð7´§\"ñ=foL'|­^Ò¡Lë±\
7çíBUÇåLa]Sm5JhÉÉkI'GiPxÝ§¢`6\
PQGyï¥Ì¬¶Ì3ï/Vÿêü«ö;p¥þþY8-p ìîXs=}¾·rkØ]\\m¦§NWf£0eëà): Hª1Ölô±~q5Z£àF°n4Ñ²÷èa£Þ«±bÂ{ûË6´mý|Ëö[µþ01ô¥»{ãM}]z³y¨tsáAk×\0:¨Xãö/'ÂMTÒmcsIá[\0³ü¶¯0'ãrd¤¸Aiu°úÏ·f¿T?P5£{Bnárg®;Õ×ÐSb¨âCYlÈJ©t¨5ÌÓÀYG\\,F\\,#ªá5yd	Õ\0ÛÊpL±[!¹Æ*AÍgÝØµ¿ú8ÉcH«5u&Ú²|þUû-âêo\0Æ\0÷Û×\
»=ü}»§R±Pãòæú¹øê y`°\0ØP¯©v$i¬¥ëþèð5°Ý-Wbtvdòâï2`+¸×#8sÿgÔË»'m\"ÿÔ(ôú/9âáz÷þr8Þ9@_¯o±á¯-±2Ör­0Á+fÔ+»Æ/8hj	b+Äq4¿T`n®ñVnÿß¯Ã¯Úâá)Ýi§ÉSé\
ôÊq^º«g^zñÀW[lè(1,üj£VaOô^£	~XÐ/Â¯;]Ø··Ãõßøý2ü\
¾í0;îI(~^$Zµ¾îKa¨W~éä8x\0c¶cå\"Î¸6ëCG\
¾\0ÇV#Áq[;èg«Día1¾\
Á[ê¸Mcþp0\0¶>q\
ôw3ê\"y_¨W¯_Ô¼ø4((Ñ°À®t !Öø_Å8ë'¢&6Óc\
PtdvÏïâvÞü¿ñûeøþÁÔüf­Ý8<ªs×íËÌíå­ÅSýXä>øö£rG( |1l`LU&J}ùÔ±O¾Ký\
ìC'ÿo`ðõ·§u0îpÊFôDª¦)¤kì¶ßíÇgA£Ø@wæ©5x£¾\"¼ó_PÊ¸2H5ù\0||ÍÇÃ¯Û¸Ï×» ê=­*åú\"ioÈÉ©ªæ¬jtÏÞ`wÖ@íj)Öê\0ÇÀy(¹ÀÍ<t1Å?&ù&|Ñ¡ÊH´Z\\É÷9ØðKþòä×·xþ5ûìúzé+?v1XìºçØDÞj:©¿.\
µC÷háTÇj\0JÌWØÕp³T¶ÔÓÕ8Ûs¯­jíâ`Ì¶·0Ô¶gö­×JHðÒ Þ¬]§0K5NZjê¾}ÀÅobKñ¶ÐLîëÖIÏãÅ05}|L\"ú8%ý(Q`sKp`æ#AûZX¼Ä2pÅCX+(¥N#?³/m@¡Û÷êtn%ì`/k¬ß¨Ùrev6ÖÃ·&áÜ·Xn©ñ¹Và#{^þÁÖ7û¹^lË´:4«Ì\0Ã<SSÃB¨?¿¹½ÝÂ&LL®NTrÃ^ÍËÜ88À}åÃ.ø&:ñÍÚù`¬Ø¬[á-ª»¿^RÁýµäài£:ØS»~¥ÑYóÐpRKõ:£×ézâó<ÝuS¤çû:H±ÀØ2côã'·Oû\0¬Xe­·Oóæé~6{¹»ZdëãðËUi$;§µµ^©ÕÒj®oðÅvsGWß>Ç~=ØU|w2_>im&SMhczIs¡Dºür\"DøÀ3¶Ò`ç<¾nï¯¤=°	g8õ¸Z\
õ©`oøÈ3ýxÑ4²ni*	úê<éN²×t¯_È]³:§¶Ïe,²ÈT¨úÏ``wcIÊcwéUJ¡BfPUWáÚ]êD½eTc-XEüq¤\0Ã=v\0#qrÇAÔ³LNfÝh#ÀÚ³ü#õÂs8qÄ;3ëð#|«ç_´Ãª¨Ý¯Ý$Ô-þÝ	Ñ¢d/çNlÄßêEôNQI\\ûÞ\\qb¹³G¶ÄîFðn8CÜËÍ.¢ØÝW\
f-8#6bØÊz§þõ@ê[¼oÑld|#@üï1¥éB&cúùSä©wu#è°¬NDÕ±O'L¶Ç!+d5|ÛöuÃtN6àÈþh ÜèÛG±32ÞÊÃb=©LõóÜ¦¥r4ú4Ó²»H$»[ßàtûõH$%ìÎ²wf·ÅxëÄO¨ýè`ã>b`Úµ·¥JÖÇ±Çx,µJ!@S¹9ÃKÜüyWËÌA=Q¼ÇÃÁãì)ÿôÜ}µ§0wë¥íP¾¹GØV]»=±åÇjd1ÚÑëÃà16¾¼=GN5pFìÃm$UÌÞ3þÝ¡° DzÌhhçGBÂK6ÇäÄâK¸?]¶û^r9*L_JÍ@O}4J[p¦è}ïµ\\Æ:/ÉÅõØy;IVN©±Q#ÇN@õÙêt[s£-ÃiÛã£pYZ86AcøêÂÆðêìÝÙs;}Hå-3üsÀ1Ö3!}D¥¿ÅªùtË§§nìµt3?4îF<hÅ«FÚõ4GJlº-°lZÖÏp8¬ÈÙ(°0oTÇå(ìd°ß-ÁYñïl	éõøþ$0Ð>¾\
»?íI¾dëR'-#äKíf~â'\
ýXÃûP`¿jõzÆ+s¸`Fã$<	FýÈZ5ÀVà	h7Qù¿?Êö\
¼LÄ;0J9÷ðý8øZü°-GgèH¶Ç\"èáâ1bÍ^ñmð&WÓIñTÇ üdFÀj¸~VçØ¢XðEq\\øosâÏB©Vn_YïHô\\¬®ÑÜco¶×ÕRFïO|{SµEÿt Ït©H£°Óï&øÅ7PÅfº0jÑüeUæØæ Pb0`Á(%WM~ÀÏ\0)ãd'èÄäqÎ´d¨&	*Ð}ÜÌÑØÒêñ¨Ü,Ä[±{4hÕë0åHËñ»ê;5º|tÛ¬û`æÜGÕl0}fVÖ=ÁQÂdùhîy×ùwfÐrí/óÕð^Ô=uHô¥\
qï-7T¡éËÝí©±g>Å	bV\0ìÌqÃ¾x3ãÇå(jºMéJ|® Ç°Î{:t{ñjÛf}L_Çi¿¾¿¢ssµq­4ª4Ô¸÷8]´Hùk\")c«1ùq':3S¼¯ï£$?{{JªcÓÀÇ£à½KpÎRÜ¶ÿÆÁ\"8½)ðõ%\\q°ÙÖéP¬+;'J 8U`O ¹9ù/%Ñ ùÝ&ÿüC0Â­ÇolÙl·þ8,êíçûH>=<á½ÅùotVþÓB­C9ì6ÌwÚ\\?¶^xè®^L©w\"ßÁKü2ÔR+ßôp¾ZwªâqºKJ@h0:È@¹ÑLcÛk+0hCØo}ìÒ?ÄÜG¬ÁwËÉnîÇÅËñ\"¾±Éx5|ùÞ*8°÷`s,°ÀJ;Â(¶L=ðN$gPC4Î~Ù&ù_ZkÍ¾¼yö?¾c/ÿÀ*<ê£½G#Äº|]^u¼^+óùN'|ÑXRb¦ÁÉçvÌËá5,á¤Ò¤·zQ	ko'àF¤(Bã»h?ço.ÊÓÓ²d0ïÖª@;ÅnÞäýÇmÒ×¿1ØùbIÝóì[¹5­u-Ë¥ÖÓ©À#ØµMât,ð0QIôquc²,~n8þÞ>YË	WÔr972ÄÖÇºGC©P¥U¬£ùÿRO[9­Û¢Ðs4oq¶'ÝsúN0ÞvÔC¯KKQlF;á Á@©	¶¨aÍf,F\\J~-Ë )fW#ï©°fÙhtw&¾cº¨c¨ÛßÒìÓÀÔf­Æf\"ÃÈp`w*øOÉü375Ç>÷fOvÍRéñc=V=7äí R~Ì>qq:r48JÍ*Ûb»8°7¨7°=ãúr®-ZÄÈ;¶ lX¢	ÇÞz/$À\0Ãù\
høæpRÊd°ËöõÖËÛEò¡IÓöe6¼neYïTs«v÷4Â°2q¥!¬ÂþlÁ¶§>òpoã5GØ£ò´Ú­Çæs¸úi8ºf£§öiiÍ]­2áÈj6îHÆW3Êüuwnb¹;z8OS/ÉÖDÇsµÎøf»\\OÄl¬dDº-g%!8h{íS4àè´Ìo·M¸Äc[N4eîøàUpQ*ÜÞjI¨*Är,1xìTº:nw\
%üÂÁâù{[¯\"ñ$«#¹hû±,ÊRJÝ^¬þÃØTaí(NÐ&cØí<ÌsÉÜñ¿è;Q,uâ@f,8*Y0>!S`!¤[éN,âá¯pÀßI#ÁRÀ6(¬Ãînê¡0C1ROãäHM>þOº±}¦wËR~(\\³#AÖFK´RðË:-¡àUu÷`3ñ«à/V9#ÝEMï~eåüVNÁ_¤pü-Z\
>3|Dæ^>¼ÕøRxÂÏá»S>1ÓÞ|ÿ_)³ýÕ¬µÑ{:}UrÝR½ôîâÃÎs!×j¾Êü©¬ðU-É×ÂqÏ«$æXmÈq9|Â8ë-(c±¾Å1Ô68áKwxú°*ðøê±é«d¾Z@\043\0·Ý ³7ÏÅÁU®xÑ+¼Í_3©ÔÃ©æÝ)ØÜ66:­ÜCxÎEF¢Þ,0rÔ<&Þ1ª!åÖ·Í¸;	ìbª\0ÿ¸ÁWý½ï\0¼Ki8¼Àû hZÕ%Íqu@«6¿ðoz½n«å³ÿ¸b­¡jùÏþÔ[É","7f8ba9f3-7838-47cd-93d4-004bc4288523"
"b3b2dcf5-47d4-4cf7-b85e-d0b3a188f897",\N,"2cd0b716-db75-428c-bc52-68fd069eeff3","x%;Ã D{ÖEäÒerQ\
kkhÁqw³xºyó4¹B¦_\09\
	V©]öÌ7 ÞÕih=út3¯,|Á¥XÉëÝ\
aJ*±k¯d!4þ÷þbÂþPú³_yzëOos¬Rio3Zàó\\ºrÆê/Î","4c1936ee-050e-4fb6-a2d0-b7c4790bc077"
"c5a836e2-6178-4d0c-9c48-d952099a136f","2cdb071c-8fe2-48e0-a30c-5236f80e52f9","11d32ccc-c358-4c6c-be5f-0fac9e707058","xí]iW*[ý+µì¯}æá}C&DµºydkÕï3¾\\Lôõ{ÚE¿)	'öØ'MÃÚÙgµ×J©ÛªJó³ó³Ym4núg°ó³ñ`:ªàÍÉd8þã¿ÿ»ÔíÔzNk\0×Õºµ^­?ýñÏµªpÑ}\\øCõnºWÑrJ*§:\\¹ºË¨Vúnz=û#D#çgø/Cà?æ­ê¤	wµøl³Öj4'gP©à_Ë¿úþk<:µÈ ;Á;þW½^·Õ2¼_¹Té4Fi¿ê­Þêvï&|øBð=ÏÖïS\\Þ®ÿí½\
Þ°Ñì×Æc÷Á°TiMàóRü¸x·áU¿þ¿àïk5X*±QJ7Q|üãfÐÇÕ¤k#òü¬5ÂBNð¯ë¥î¸_¿Eì}qûÓn÷ül:¬Ü¨2V.²Tu[ýÎúî ÒÙxw5_ÿÏù¿·	âCÚ\\y?§4ÚR«¤Ùö1]WfîMcTdo¯é«Zdnó©ÅgÉ+£Áxj&æ±/>a0¤µp°¡×Ú,ñ$¹r¨¡BjÁñúCÜíÀ©)a¾¶B¤ Ò!?êVPGmüè5á1M¸)ñâS^á\
ßåKKj+4ÜY»[¸wó»äkkÖâH-×h<VÔ£G¸ÍR¥9Õ~G°Ä»£>I6d¨v45\
÷QÒµh#¸¶Æm%üÑNF¥þxXÁÒ¤ä°Ój«âÕ8Æc¨L)&ßÅK¹UÜ¸Ïü\0ù2íS2L1E±d§|[÷íÜ5¹-fgÍ>µôê5^ê/_êHM4¬SÚ¾Ä@KËªÕûïj/+æ0!j\"B_ pûi?Sý!pe£ÄÇ¯øPíTKBú!ZYÀ5Â0¡v\
¼gGð}rrñlæ­ç|kÜnlC5q(#F2P`ñÍÖ­ØÑòåÜð\"¥$î¬åËt´ZÁkVkØûï& %òúf~ÚNjP<»5v=¯Û1Ö^ØÖ­(LÚõËÛÜõàdvÔ°SRDH»!``FT­Ö*`ÍC¨± xØ®å«´4°¡µýâåÂ·)µBR£ñF;ä[.dÇµ¨êÎ8I<3cêÝ\\òÛ4¶åB¬Bîã*lêpÂ5|÷ÑÚãåÍÉgf7¶täæÏû~æ2\"Òï p&Wà°Ú+wË;Ëk£8It#Å¦·*Ùx¾ò*lÙeITÌ(^ªÃ@âH\"³_°÷*l òDsÂ5À\0Ô;ÓÊÂ?c;3íÛÎÀ­ñînúévÖWx~ÕÕ0½O&]jÀq±\\0p,¨Ëµ²¶@xA¸ð\0[WO¯ÓSdÏðA·¸ß¢8ìÝü:Y&RR¹¹_÷\",nO%_Î¸#-FÏàÝ°â 2n§[¿e9HàÇ~ÙâÒ£ÛÅ©0d7^¼E±S)«[û\"µÄ&NÇ¶À=¶@4°i¡ÊR=SGI1«N«]|É·¨åFJõ34õKXR*¢{Ìo¾PXÄrÑô¬u}Ë>ôýèÐÝú¢ÜýJj°¶BiÍ7%xF®åA-QQµºÜÜ¹@ØýøÙpv6_±°äó3T33Â·waO\07qC;D;,/îy±ÙLtâ5vqaå :hV­«$p«õÆEÑòÃDëYâ-ðþÃ~I²LÂ¯6ägìY°>ÉÂ×ºàF	viå§Z&¢è¨û0º¦È]3nó§,@g+°¬\
,ù°¹ÔHEV¿I1S®©c7­¤<°?B²uG²R¹\0m§`yö©Ï?NÆ&Ý.OGÃ}ÁRéX(Õ7®`ö}Ïõ¡à#-\
MþW¹&ÊîùÔq[¸3Çmñ#Ëð´ÎcfANöðä»Ç»?Ìùe/DïÕ­Ó',gÂáB$!®ûáUøO÷I²2¸KGÛU+?Á§øvûÏÇH<Ù£}³A¾õ¤Úé{Ë{Ù¸¾¼!æÀìª\0æ³J]ÏfMÒ@`ëq}ÌSVª°ZüÃ\
ÎOý	»ÛÝá÷o¥{¦éHxÏ+£a5q\"ý«ÎÑV\
ì}íAîë©\\ÃÒÏ8úÌ'LðÂAdÏAA§Äµ}ÍØÁÀ^ÉÛäÛµ¯ÞÐSP²äaº¢tÏ³qeHHý!IeÌ'Iò_$xÈµîÏP¸Òúl'N!ÛdÊ\\åc7åÇøB\\Üðe«q{º9*ÀÁÔ-!Z­$i2Ê0Q«ÞiOj(ksrQNj¯M)*Õ¤à°IÙ­Z§ãAoqñ\\$WI#_¸{¨Ì±E`M k¯ÀGx3L1z|¤rñ!Ì\\\
-T¤·>èOîZo.}Yþ+^êµºwé\\éýq¬-þ®LZ³Ö¤U»_h\\÷tãòªp·Õ\0ñukõ¼'­J©»~z2Â³x÷üÙèªºþ4Q«Ñêºùwò >á¨Ô«}ü}kÇ'nàï_	?Ùå:AÎar©ð)zR0ÃvÃ1^´biê­ØjL=gV3÷t½#3í(Ð\
ÏTàÇÇ5)³ÛàÑ#ËêhéW-&\0¥Àá¸q ÁÈ}¡:p&´Ö sv£ñºöôø\\)éÔ¯×U·?Ý!(¡¸ïÑ:<s©§4¥òÔ#Uûñh'Ó XÊ¯Â1W[&ÇÍH ¾c=n\0ÐÝ..ÕÝt4!j¹Ò[D+4ù*NG¡¡©/`¦0Þq'·ÚgÍbµÿ\
\0#ÓñdÐ«\0ÝÒ¤5n¶\"qç7Øþãaã`°wc2Õ¾_ÜMªíñËOòú>ÖNvÔbT8Ô¨ß5*å'y|æ&Uj»ÅãÇ¿Ö(Fh¡ÔÖþã Á¹ífãÒxT¥ F¦Ümº/LTwÂ]]Nf¤%/'­\
(Çúu%ê+t¥aÛ(´ðßN9;f©ß¯uÕ÷Ú@[YÌjÙ­KÍ[h\\WÁ±yñzÎÓåÝH¾uSG:à¡[ áÄ\0Èwom0ïjÞòCo?î0ñ'£ÊÝeÝÍlvQ,\
l#É#³iëêdêYëcÖ¿«8«!ÇÉU/p£ÕVLr°ùà¾ÿ~½ÄñÌÕfµ>Ê»É¨Vêªý·\
Z3ÿá\\1ÆwÓqý<(ké?4s½#Ó¹ÒJ:a$Ó=Ôö+ì1[2¦àï¢;ïáã`<A\\L+åº§½w\
ù¢¶ÀÂÁîí	.Ä_Hµúc£[íÓ ,¶1B!egÁ¢W%Gb)UBé>ófkRÛ8RÜôPÈÇùVTqæ©>9»ºe£{-(9zº¬s\0<©ÚÏûqmôâKA¹zÿ/¢ûQ7 ¨©ÿðfÐ{°VÙxõ²)RÏó×è@¦\"O´HæÉ6,.óýrKhì:]SpOÜ¨Ìh~Ø±(8ß5»q&1¿E¦ÀÐ[Ð¿gipw+)âHÃkö=Ql6×ÞhãYôâ*Y_4h5ÒMÆsõX«Ãûàñ¤4\\´úÕV¿±¾¤Ö¯zéÆÈ ×kMàí³ØÕ+îßG£Á¼Y+U7ÞÁ÷Üÿ?è?É9ù×ù?³Z2FAËñB9Ä=~ à÷rmá2æ»î<ä]Z¸Ll¹KÐ:Z\
ÐCÀÅ¬9\\èX¬¬Û\
0ïBsÊá2üÿú´©Ö;ÿgcÔºÝÖpüi£á¶°(÷ðB§YWÍçI6÷Ë|sºOµO$\0+MµK»Þ'Æ:FPÓbuÒa¹wÞ}%ïk\"Ú~¢Îp{\
Sú#öÊgÔþ£AoFÑ=¶*×Ê¥hìæyjñËØ¼Õ<BZÇHº«¨Yni<&XþöA¾Çn+²Õn\"ÓÍ½ê«ÜE3ÖtYßòÖn¯í4Ý·Øzê¤Ô°§ÅÖ#ñÄ+éÞ:7ùy§ýÚaô®sU?i¢@+Kð³Éêci¤RÚh%Vì0\"ùÆâ1 NM;»d4ªËáô¹Bg$Ü*FÀ0þÛzµõvsÕ¼Í¬\\±ÝuLÝaÖªV«PZTíûEEx5sª­¢<V4Ç~3Ë­\"wÀOP£dE|ýÂe§Bü»vËnûísv?ÉLKÍ²{ò(¸¹ÍDí±ÚL¤ôã\"v\"i¥v4³¡êvùpAÀp4H¡VÓã\\nË-ã2pw¾«Kå(0ã@°ÒY¦.Î0ð3ÚWãY>zÿ2»¸«ÇïÛÕÅb&p«x{^¤ïã}­.»/Q6þÿ /©q$q :XMÍ9,7À¾-1XÁA\\æ_ãÁJÃö&`m«ó@znÓ[¥iÔ¬Lî)8PùgvBóxv¡ßóæªj0Úrþ:5+ÍÆö£\
Vèezó1 Vàäh¬;Âª.¨Ø,÷¿¶vL£Â\0ÿ°>nùøgXfá6dO_JfÐx¸½÷ÉU6üÔxJËêý@à`vøs¶tMDj`óPf¨5äz\\ëhK±Æ¹ÜÀ\0%l;PaBaàÕbÅá*k(àÑýpxmh¿qãðÅqcd;0 Ýl¯Êh¶ð4Oå[ÓqS @1pN\
¨dýu¨ÐØ	>=þôÀ÷½þküZE5Ãâìh¸eÆ>yÙá\0Ï2ï%øc] ÉÏ\0Á÷7é`\"í)³sÊÄl\0î\0leÚÔâqÅ`óP	×JÀÀq¼XãeÚ7ÛKR~?QÇ\0\0ÏÏ×ëÀ6\\¼¤Æ¸>'»¦@>à?,Ûo(}±ãËÀ¨l=*Ò¯&:Yµï¦¼JO¢3q¢ÝDt·\\ý®ºq`ðl\"9¬ow¨­g.¨V{À0È%tTÜÂ c7÷úú6v7\0wOHÙVÓíZøö­Ýo\\GkåÌëpÚf§¤}n9ÅNXË×/ÄßÍ(~pqXÏXqÓÛ Évó\0½ñé»BoN«ñÒU(sÙ¹ª^OÉËA¯$Wï¿5äq, ·×¸¿DËÕ¼{hD®ù­æwõÏ?ôSW£~äîD¨tí¸Äâ)>úùpÍL¡§xPG.LVpK¦8¦ñÉMÞ|OZV­Ö0kÝ:°äï®C¤És!y;äµ\\©[çË*æ~x+òÀð	Þ>{D³y &ÊúÛø$,#)8ã m«^ë'TÄ¸,Ã2£é1I\
À~¬sÍÅ»©¬÷z£AªFæ)bÿy0ðºÂú<a3/£{ìS<>}Ë7[±¾Â,~íÈX+PØv¼z¹ReàPjÐðãN<A­\0sUäKÀªodOqî¸r ±Ö(ûîRbË'!¨÷¸óäÿ}Þ¬ÁÙÑ	ûÄ³¾>cHDoÂ¿ÂÔ!Rº=^á_à6hù+¡2/ßÒþ¶H|CNôh67éÜbúÌMRÃ»ËyéDpà3* ÜºM¬$ÒÁg{Ç³kÔlßòÍÄhdôV¿ÿgvQ«+`Gã¤ZåQi´øÄ±0}î9÷FAW(Eh öô<}¿\\tb¹y±3zØ§Û*RvUYì9A9xÞïvÀ¶$rpÜÁ&¨Ã&\
x«Ûh?Xl\0ãÅøEÈ\\=ÄÉ&#Õp#ùÉ¼è¯Ïþ Ú@à3.4vHÜmâËä2WÄCu+&îCýì©bÔá\
Ô1 )[µ\\\0ÙÁr_¬vÒsK|>¨t´g³ÿÛpð´\0ËêÝÆ[^£ÏP}ñÇêSq­Ïê¯ö²üZäàNCøûl¼\0£|·r9X&Ä(Ò/.pr£c§B/	ÛÅ|«Á@N¶î!(èwåpE°0ØA¼Ð+µr³ôÝ7üõßF>¥M5V+¶Çê=+¶U¡S~¼	Þ¶ìäD;­Is¹åËB±Õ\",\"Ì¡~ÅNQ©ö¦Úü½Sþ¤;e[¶÷HÃjúvîy1­Ücr3ª¦ÓE¾½ê,8èmÀzÀ®SeãÙ¼`îrÜf¡Æá¢±RàUáÒËÂ^\\@²>êpæK£ô#vËA'Ònæ7¾Í0JLØYúlië\"Z Ñf?IrY©cÞÚ¿ÀT¦u0/ÍRÁGèu$Ñ:%ËÄaÓÈãÈÅo¡@ù!8èç£Àp%¶Ä¥&ì·Ä\
¤Þ.ÛI²ô6\\7'¡ûV:ÖlÛ|léåÎbðIùZ0lÏ9ÄÊ5µÂôYMã`(FÄ¶ll&§új¥Ý¹?f£-¼b®Åßf¡-/X	¦Í&ªi;DsÏkÎY@ÍÀËÇ­E£é]Z4®g'zààAï&¼HªsÁëü\"£	^/ÞÃ¡vÏ¸(0Qþ½Nwªm5ìêÄ\"uåÚrÑhuª­\"¬ù±d0Ä¡XÊ(²¶Rº\
#ÒJù)}½Z*\
kdÝü§U3	ÐÓð¡ÈÏðÅ~=@)·øP}¾vkË·è\\ÔÇamzÔÕê@Ô\"¦×ÀúcRYw\
!ØS\
[IwRÄQNÆ¶ØØCNv'þ,åì¬òpÕ.&ÑR¸,íûÐÃëÓiCÅÁ¨dlhõþ§;è¯{\"¸ùØß·dJJvþ<~NÍõUmV¤£õ¶#aâ ¿#5ÀÉÈ&±ïªÁ¨%hF3ãGôÐ>h©ÒV\\r\\+I5j&°öµ`'¨^ågÉ7}½PQ¼Ô/âaúµ£ù×3þ 58HlK7n<w/B1v¿J¼ÝUÆ£wPj`ÁÒ®0,þìºs]lMÁKÖBIyàL	_z!qàm,us0¾IVÀFaÖ.¥¾O\0« Ä3÷»0ð}T.DËJ96!³löyH;{¶f§¨=ÛV3)oÀ÷´º°¨ÐÆ!nMç6·\07ÎjC]D*M7[PX\\vb(¨ß I1%rÏøçN³Íå*kËûþE·1õZS÷q2fpØ¤R7WÙK'9eKùAiÞÏfb£Qh;ðëµ'PQY\\<ÄìuìV'S«TÒðiÍñ]s0ÿ§Qwj,ñ¯5Í[îð	[¿æÅ¨ä³ûÇÄ:IÞ>¼Ý_¥*ß©{{qQS\
ºík\\gÌw  Ãæû3¸üSõ·&qjÁxÔr¾¾}Íg©Ë®Ì¨k¹$,!XdkMÓfI v¢cºZH\"0\
áa	þ×ú	¬¤çþ¥Ål ³y	\"àWr9üÕ[cÜl=4^WC}2¾<iªëGÞOx»ÅzkC´¥[ðn\
Ü$.JyØAÙ¬uØRç¹oÅ%ÊÒ¿8èCþÅùí@ê-Õ¦B.ö4-Õ[yÙlu®äðö*ÚÐFÐ RLa8kZvË®Üsí`Ö5cØÓùc`Kaß¿º²þÜnEE©ÄÜIÂ÷¤(½\\^(S*¤Â¯åÙ`ækåXêTxÉÀZ!ÃÖ´×íZSü[sØ$oê/Ngñv³lËk«P$x3Vy»}JÝñÙ2¾Ä2çÝ~Ïeä1ñîuG÷:­^ZºLNì\09 XGZþÞzØ\0KÁÜ`²í 	\\VKÌ²ø,d2Ðx¹>¿ÆÍ×lIy<qZÏ'ß\
¶8eõþ\"·h%¶å@Y3<¶¡{jø..r×³ìmønv/åxV{-Z¿ÜÑ7Q­2KÛåz8C>--*+S<Oå' çÓY¶¼´nÐgKÊÓqûlÄz×üj6¿(,+	jËÝB?ÅUc:h_µªµÌE±)ÄL~x>`ÿÆ1~ÀþT`²$ëÌßV.\"ía7Ñ¸~	ïàµ	G1EA§ô®Y6ÙÑà1`%2:¦G/©p µà\"1X\
¹-/­CÕ_.%÷$|?þ¯Pµ¿å4(a0¿Û9ìçn	kGeÖì¼t¡êóM 3Ë·!Àõ2S+¹>F³Ø*Iì¤Æ§)	/{qkÝaÏÉÇ8üóAªâ\\ÓÂHµô6_ý|cDÄ¿z!ßªýNV©; Ð7´§\"ñ=foL'|­^Ò¡Lë±\
7çíBUÇåLa]Sm5JhÉÉkI'GiPxÝ§¢`6\
PQGyï¥Ì¬¶Ì3ï/Vÿêü«ö;p¥þþY8-p ìîXs=}¾·rkØ]\\m¦§NWf£0eëà): Hª1Ölô±~q5Z£àF°n4Ñ²÷èa£Þ«±bÂ{ûË6´mý|Ëö[µþ01ô¥»{ãM}]z³y¨tsáAk×\0:¨Xãö/'ÂMTÒmcsIá[\0³ü¶¯0'ãrd¤¸Aiu°úÏ·f¿T?P5£{Bnárg®;Õ×ÐSb¨âCYlÈJ©t¨5ÌÓÀYG\\,F\\,#ªá5yd	Õ\0ÛÊpL±[!¹Æ*AÍgÝØµ¿ú8ÉcH«5u&Ú²|þUû-âêo\0Æ\0÷Û×\
»=ü}»§R±Pãòæú¹øê y`°\0ØP¯©v$i¬¥ëþèð5°Ý-Wbtvdòâï2`+¸×#8sÿgÔË»'m\"ÿÔ(ôú/9âáz÷þr8Þ9@_¯o±á¯-±2Ör­0Á+fÔ+»Æ/8hj	b+Äq4¿T`n®ñVnÿß¯Ã¯Úâá)Ýi§ÉSé\
ôÊq^º«g^zñÀW[lè(1,üj£VaOô^£	~XÐ/Â¯;]Ø··Ãõßøý2ü\
¾í0;îI(~^$Zµ¾îKa¨W~éä8x\0c¶cå\"Î¸6ëCG\
¾\0ÇV#Áq[;èg«Día1¾\
Á[ê¸Mcþp0\0¶>q\
ôw3ê\"y_¨W¯_Ô¼ø4((Ñ°À®t !Öø_Å8ë'¢&6Óc\
PtdvÏïâvÞü¿ñûeøþÁÔüf­Ý8<ªs×íËÌíå­ÅSýXä>øö£rG( |1l`LU&J}ùÔ±O¾Ký\
ìC'ÿo`ðõ·§u0îpÊFôDª¦)¤kì¶ßíÇgA£Ø@wæ©5x£¾\"¼ó_PÊ¸2H5ù\0||ÍÇÃ¯Û¸Ï×» ê=­*åú\"ioÈÉ©ªæ¬jtÏÞ`wÖ@íj)Öê\0ÇÀy(¹ÀÍ<t1Å?&ù&|Ñ¡ÊH´Z\\É÷9ØðKþòä×·xþ5ûìúzé+?v1XìºçØDÞj:©¿.\
µC÷háTÇj\0JÌWØÕp³T¶ÔÓÕ8Ûs¯­jíâ`Ì¶·0Ô¶gö­×JHðÒ Þ¬]§0K5NZjê¾}ÀÅobKñ¶ÐLîëÖIÏãÅ05}|L\"ú8%ý(Q`sKp`æ#AûZX¼Ä2pÅCX+(¥N#?³/m@¡Û÷êtn%ì`/k¬ß¨Ùrev6ÖÃ·&áÜ·Xn©ñ¹Và#{^þÁÖ7û¹^lË´:4«Ì\0Ã<SSÃB¨?¿¹½ÝÂ&LL®NTrÃ^ÍËÜ88À}åÃ.ø&:ñÍÚù`¬Ø¬[á-ª»¿^RÁýµäài£:ØS»~¥ÑYóÐpRKõ:£×ézâó<ÝuS¤çû:H±ÀØ2côã'·Oû\0¬Xe­·Oóæé~6{¹»ZdëãðËUi$;§µµ^©ÕÒj®oðÅvsGWß>Ç~=ØU|w2_>im&SMhczIs¡Dºür\"DøÀ3¶Ò`ç<¾nï¯¤=°	g8õ¸Z\
õ©`oøÈ3ýxÑ4²ni*	úê<éN²×t¯_È]³:§¶Ïe,²ÈT¨úÏ``wcIÊcwéUJ¡BfPUWáÚ]êD½eTc-XEüq¤\0Ã=v\0#qrÇAÔ³LNfÝh#ÀÚ³ü#õÂs8qÄ;3ëð#|«ç_´Ãª¨Ý¯Ý$Ô-þÝ	Ñ¢d/çNlÄßêEôNQI\\ûÞ\\qb¹³G¶ÄîFðn8CÜËÍ.¢ØÝW\
f-8#6bØÊz§þõ@ê[¼oÑld|#@üï1¥éB&cúùSä©wu#è°¬NDÕ±O'L¶Ç!+d5|ÛöuÃtN6àÈþh ÜèÛG±32ÞÊÃb=©LõóÜ¦¥r4ú4Ó²»H$»[ßàtûõH$%ìÎ²wf·ÅxëÄO¨ýè`ã>b`Úµ·¥JÖÇ±Çx,µJ!@S¹9ÃKÜüyWËÌA=Q¼ÇÃÁãì)ÿôÜ}µ§0wë¥íP¾¹GØV]»=±åÇjd1ÚÑëÃà16¾¼=GN5pFìÃm$UÌÞ3þÝ¡° DzÌhhçGBÂK6ÇäÄâK¸?]¶û^r9*L_JÍ@O}4J[p¦è}ïµ\\Æ:/ÉÅõØy;IVN©±Q#ÇN@õÙêt[s£-ÃiÛã£pYZ86AcøêÂÆðêìÝÙs;}Hå-3üsÀ1Ö3!}D¥¿ÅªùtË§§nìµt3?4îF<hÅ«FÚõ4GJlº-°lZÖÏp8¬ÈÙ(°0oTÇå(ìd°ß-ÁYñïl	éõøþ$0Ð>¾\
»?íI¾dëR'-#äKíf~â'\
ýXÃûP`¿jõzÆ+s¸`Fã$<	FýÈZ5ÀVà	h7Qù¿?Êö\
¼LÄ;0J9÷ðý8øZü°-GgèH¶Ç\"èáâ1bÍ^ñmð&WÓIñTÇ üdFÀj¸~VçØ¢XðEq\\øosâÏB©Vn_YïHô\\¬®ÑÜco¶×ÕRFïO|{SµEÿt Ït©H£°Óï&øÅ7PÅfº0jÑüeUæØæ Pb0`Á(%WM~ÀÏ\0)ãd'èÄäqÎ´d¨&	*Ð}ÜÌÑØÒêñ¨Ü,Ä[±{4hÕë0åHËñ»ê;5º|tÛ¬û`æÜGÕl0}fVÖ=ÁQÂdùhîy×ùwfÐrí/óÕð^Ô=uHô¥\
qï-7T¡éËÝí©±g>Å	bV\0ìÌqÃ¾x3ãÇå(jºMéJ|® Ç°Î{:t{ñjÛf}L_Çi¿¾¿¢ssµq­4ª4Ô¸÷8]´Hùk\")c«1ùq':3S¼¯ï£$?{{JªcÓÀÇ£à½KpÎRÜ¶ÿÆÁ\"8½)ðõ%\\q°ÙÖéP¬+;'J 8U`O ¹9ù/%Ñ ùÝ&ÿüC0Â­ÇolÙl·þ8,êíçûH>=<á½ÅùotVþÓB­C9ì6ÌwÚ\\?¶^xè®^L©w\"ßÁKü2ÔR+ßôp¾ZwªâqºKJ@h0:È@¹ÑLcÛk+0hCØo}ìÒ?ÄÜG¬ÁwËÉnîÇÅËñ\"¾±Éx5|ùÞ*8°÷`s,°ÀJ;Â(¶L=ðN$gPC4Î~Ù&ù_ZkÍ¾¼yö?¾c/ÿÀ*<ê£½G#Äº|]^u¼^+óùN'|ÑXRb¦ÁÉçvÌËá5,á¤Ò¤·zQ	ko'àF¤(Bã»h?ço.ÊÓÓ²d0ïÖª@;ÅnÞäýÇmÒ×¿1ØùbIÝóì[¹5­u-Ë¥ÖÓ©À#ØµMât,ð0QIôquc²,~n8þÞ>YË	WÔr972ÄÖÇºGC©P¥U¬£ùÿRO[9­Û¢Ðs4oq¶'ÝsúN0ÞvÔC¯KKQlF;á Á@©	¶¨aÍf,F\\J~-Ë )fW#ï©°fÙhtw&¾cº¨c¨ÛßÒìÓÀÔf­Æf\"ÃÈp`w*øOÉü375Ç>÷fOvÍRéñc=V=7äí R~Ì>qq:r48JÍ*Ûb»8°7¨7°=ãúr®-ZÄÈ;¶ lX¢	ÇÞz/$À\0Ãù\
høæpRÊd°ËöõÖËÛEò¡IÓöe6¼neYïTs«v÷4Â°2q¥!¬ÂþlÁ¶§>òpoã5GØ£ò´Ú­Çæs¸úi8ºf£§öiiÍ]­2áÈj6îHÆW3Êüuwnb¹;z8OS/ÉÖDÇsµÎøf»\\OÄl¬dDº-g%!8h{íS4àè´Ìo·M¸Äc[N4eîøàUpQ*ÜÞjI¨*Är,1xìTº:nw\
%üÂÁâù{[¯\"ñ$«#¹hû±,ÊRJÝ^¬þÃØTaí(NÐ&cØí<ÌsÉÜñ¿è;Q,uâ@f,8*Y0>!S`!¤[éN,âá¯pÀßI#ÁRÀ6(¬Ãînê¡0C1ROãäHM>þOº±}¦wËR~(\\³#AÖFK´RðË:-¡àUu÷`3ñ«à/V9#ÝEMï~eåüVNÁ_¤pü-Z\
>3|Dæ^>¼ÕøRxÂÏá»S>1ÓÞ|ÿ_)³ýÕ¬µÑ{:}UrÝR½ôîâÃÎs!×j¾Êü©¬ðU-É×ÂqÏ«$æXmÈq9|Â8ë-(c±¾Å1Ô68áKwxú°*ðøê±é«d¾Z@\043\0·Ý ³7ÏÅÁU®xÑ+¼Í_3©ÔÃ©æÝ)ØÜ66:­ÜCxÎEF¢Þ,0rÔ<&Þ1ª!åÖ·Í¸;	ìbª\0ÿ¸ÁWý½ï\0¼Ki8¼Àû hZÕ%Íqu@«6¿ðoz½n«å³ÿ¸b­¡jùÏþÔ[É","d75095de-c157-4048-b866-1e65db4f827f"
"d32edb24-0fd8-47a5-a8a1-04d296e2d3a1",\N,"a45282a9-fede-45cd-a5ec-fe9f7ccfabae","x%;Ã D{ÖEäÒerQ\
kkhÁqw³xºyó4¹B¦_\09\
	V©]öÌ7 ÞÕih=út3¯,|Á¥XÉëÝ\
aJ*±k¯d!4þ÷þbÂþPú³_yzëOos¬Rio3Zàó\\ºrÆê/Î","be2e9721-21f6-4a80-90cc-62cf10dafea9"
"dc7a1ff5-5d7d-4ba5-b3da-eb6c6cc54d08","d4a16ccd-b155-4514-8a22-216ee29157e2","29d464b6-ddf7-423f-8764-351176ddb43d","xÝ[kSâÊý+SÜO·J=ý~øÈ(8âcjÊ$@$$yLÍ¿; &p4fæ5U$t:I¯Õk¯½»ù§C+·³&mÃ±MßçvrØÛ';¹Àùí¨E/Áþ?ÿNßìÙ´³k`¹aÛÿþ3gÐ7/Æ¦¥««áìôFè¬Á åã]|«n×±àÔ$·¿C;¹)|Ñ±m½Ü>åzÝí¹}¬-®ÚOAè{}«è9=þ§Óéðþnv¿ë{#××±§N£àà=sË~.·ÄËã×­ ÃnÏµ`ÞÆm;çÅÑFwVÍèõÀõ#@1JWF£§ºçF)&QøNÎJ0atqÇpÞ$zòÓØº#ÇÙÉ¦1oðGÃ:vl·¿lãxíþJ?óÁX<{ôý¯Gha7ïWý»VMtN³ðö~=H|YÁ>¯`¤É&Ì¶e¶I2DOßm\"4BªpÄ+æ)%iZ¤D\\tÕ¯ðàkÙª`b_8å¥Ù3FÐã<j/âA+¦4Bì-ª÷L+*>J¢ÀÃ{s%µd^Qk®W Ä//£5%ÚV2°Oß­Û3Ú½o½|´h&lZEcÈ©´:5²\
&zöB¿£ôcçûnÂ¨Çû¼caÑìîø-êey 4ü°`»¦ívç,×|ufÞ*ïûÞ¸gæJ»Ø¹òý|dýõDÁóâìk«#ÄÅµNÝ\0ª£Ò3Ck>R¥BþL2²Â*¶Fa\"F¡o¸ÁÐð·QéÓTB!É(×|J4& 0ñRk\"È4éý\\ÍsMcçM{¡%GÆÀvàmè¢qÞ±»n¤V'\\óÐð¾<zÃù`Ö\\Fæ¯Õ^8ò«Oìð|»k»söêö¬çðõ|µD'êðÿéE¢Û.ÃúáOTû6¹`§GjíÕ«'1yp|/js¸bLãèoffX`à\0\"«T1ÕÒ1Aå¸&#oáÚÙÈ\
~'ÙïÛHX¹ö	Ô(óãv5)¶2à|Þl{þ¸èÈµ`w$ZáÓqß£°0üè¨!Ò½+:¢Ì?*ú}=-ÏhYM[ùV¹Ò.÷£$'?MþfI\"HDUªÄ£DHýH¦W$JâoQ¤+ÂêwjÒêd JãÚ'£¼nVNìJ}löTI#¼Ç´\0<òõ¿¯ö4[Aãaª+ü Yr9Åt5Y[±÷OE	`Ø> YãM³fµOz¬åO«ãÙý¤Ú-id y`£EKâ¿Y´ g°sýÂ²ã×\\Q@hóÊmÎê.\
Þ÷÷Ú¨çÈ@±.ãsrç¨üe÷,Ìo<Ý')L_´'Á{\"B4$UÏ%\
­D ®a\\å³díI¦D@¶.æüebõ2õ7)E`ôù\
{}, øýT($ÄåÍ5V¡HôØXÿIzgZUÌ¿r.[õVýVõ.Ù¤ýÝ\
L%õ\"o$ñØÒ(Pasl|T¼ßþz÷tûÔ.ì^Ôf'æ.LA·%/+²¬­þ[PuåóOµdÅóÏ3dZaÈõâ9ñÌ@E¨+¦D¾C¿æúG²+Z(	·{Î&Öèæê ÅÌØ°Ò²¬nÍÿ*/7Ú÷NGµ5[·öøÝöZTs6ú1)(ãàÒS²¤6ËÓZx~ÖXmf6HáÜñëâàºê½Ã¯Í»£ÚUaNåIf£þÌUúk·,T\
0/RDÿ%Þ¯`NÅ@ÒñÍóyó\\:¼».ªÏîù¤1½ÎËÖØ×*)ØÓ(F³­Ì\"Å¯7Æúµ#õûb=RÉVC½M%È)7õ8%þ¦ñøW~[Vß~1º ÆÀ\
CÐÑ/ûÿýmàßësÍÁû#*(¢L'º±9Ñ«æ¸ðR¡öí} wí×[-aL¤ÑR?6AÄbÅ$Â0¤;kÒ¡þi¾×\\W\
M#4íÜå-#ÄXF\"¯Äl\0J¿$0xóbf:TlIN$ÙaÎQ¨ÝyuHkx3«µÐápK(A#páé@\"Lè,fR\\ì W¬G&Ûæ vOiÌIEÆ%;;µkÅÆvAÊÌ.QI=âôûA¢XE{²I\
0&ÒmMÆoçEÑRç³Û²QFñìd(@ëß,¨0¥h1Ù× d`W»ãÝÙýåÅøç½Æññ ·]9kÓHpL°o©|?JI½¹\
\
%wb&V«Ö¢T;Ü­¼xNË¬ÿ&n'æ¹ÙJLdI$Iª®Pfx¬.±é	|âBá%Û®kTrór*~ëp»(e¤vQþÎcÑZÊû1ºÇ§cÓ;xD¡8Öë!c<:>n]]£Ë4n¥íBi@µã§Gí`¹ÅÉ\
sz^YöÅpdg§¨kÞaÉ«o¤¬ì7W)HSE$-Í Eâ±j R²fwÎ\"É­¶Õ¾uwkÕÖ6t«]ØDe8ÇQHS¼Öoß¸ÿ÷Í~%°Á}ëy«mvÌ-OGiyrdl¤âQ¬L#\
o®S~V¥¡!åÑëíw£oìNè¡mÌÌão·½ÉônKR·(«xÞ[ÚÑ4)ø!²¨Åmbèzò·íRÊNç8¬Ömrï^Ým£ìJvrÊÖaØüCÏ²cýøe}<:R£o	*ù]Ç­ì#»Ëj·ÛÁ³l+SA¢ß¦ÂH*F±½+Û`¢e¥2îëí«v^Uý-CÖù~d¢RÅ#Aì2(Åù¥J\0Në-ÃMí¼¶Ì]IiÖW'5Ol¤¬ÄN@¤(Âé@bê_ö1¥H±MW	¤£EïµesvÏÅYHÝ¥²YßöDÊ°¤ar¾Ë6ÜAHôeÍzÎw}Û\\,?Gö`[ãÂÚÿ¼õ÷ë×ÿ\0Ý°õõ","bb67c6fb-a800-4ae3-bcc8-2dc016a348c1"
"dd75e548-96e9-4809-9c89-86a300b4a259","75e35d4b-7cb2-40e5-a722-f9649a4c2101","8a347444-67bd-4e83-ad28-7cf493ecbb00","xí]iW*[ý+µì¯}æá}C&DµºydkÕï3¾\\Lôõ{ÚE¿)	'öØ'MÃÚÙgµ×J©ÛªJó³ó³Ym4núg°ó³ñ`:ªàÍÉd8þã¿ÿ»ÔíÔzNk\0×Õºµ^­?ýñÏµªpÑ}\\øCõnºWÑrJ*§:\\¹ºË¨Vúnz=û#D#çgø/Cà?æ­ê¤	wµøl³Öj4'gP©à_Ë¿úþk<:µÈ ;Á;þW½^·Õ2¼_¹Té4Fi¿ê­Þêvï&|øBð=ÏÖïS\\Þ®ÿí½\
Þ°Ñì×Æc÷Á°TiMàóRü¸x·áU¿þ¿àïk5X*±QJ7Q|üãfÐÇÕ¤k#òü¬5ÂBNð¯ë¥î¸_¿Eì}qûÓn÷ül:¬Ü¨2V.²Tu[ýÎúî ÒÙxw5_ÿÏù¿·	âCÚ\\y?§4ÚR«¤Ùö1]WfîMcTdo¯é«Zdnó©ÅgÉ+£Áxj&æ±/>a0¤µp°¡×Ú,ñ$¹r¨¡BjÁñúCÜíÀ©)a¾¶B¤ Ò!?êVPGmüè5á1M¸)ñâS^á\
ßåKKj+4ÜY»[¸wó»äkkÖâH-×h<VÔ£G¸ÍR¥9Õ~G°Ä»£>I6d¨v45\
÷QÒµh#¸¶Æm%üÑNF¥þxXÁÒ¤ä°Ój«âÕ8Æc¨L)&ßÅK¹UÜ¸Ïü\0ù2íS2L1E±d§|[÷íÜ5¹-fgÍ>µôê5^ê/_êHM4¬SÚ¾Ä@KËªÕûïj/+æ0!j\"B_ pûi?Sý!pe£ÄÇ¯øPíTKBú!ZYÀ5Â0¡v\
¼gGð}rrñlæ­ç|kÜnlC5q(#F2P`ñÍÖ­ØÑòåÜð\"¥$î¬åËt´ZÁkVkØûï& %òúf~ÚNjP<»5v=¯Û1Ö^ØÖ­(LÚõËÛÜõàdvÔ°SRDH»!``FT­Ö*`ÍC¨± xØ®å«´4°¡µýâåÂ·)µBR£ñF;ä[.dÇµ¨êÎ8I<3cêÝ\\òÛ4¶åB¬Bîã*lêpÂ5|÷ÑÚãåÍÉgf7¶täæÏû~æ2\"Òï p&Wà°Ú+wË;Ëk£8It#Å¦·*Ùx¾ò*lÙeITÌ(^ªÃ@âH\"³_°÷*l òDsÂ5À\0Ô;ÓÊÂ?c;3íÛÎÀ­ñînúévÖWx~ÕÕ0½O&]jÀq±\\0p,¨Ëµ²¶@xA¸ð\0[WO¯ÓSdÏðA·¸ß¢8ìÝü:Y&RR¹¹_÷\",nO%_Î¸#-FÏàÝ°â 2n§[¿e9HàÇ~ÙâÒ£ÛÅ©0d7^¼E±S)«[û\"µÄ&NÇ¶À=¶@4°i¡ÊR=SGI1«N«]|É·¨åFJõ34õKXR*¢{Ìo¾PXÄrÑô¬u}Ë>ôýèÐÝú¢ÜýJj°¶BiÍ7%xF®åA-QQµºÜÜ¹@ØýøÙpv6_±°äó3T33Â·waO\07qC;D;,/îy±ÙLtâ5vqaå :hV­«$p«õÆEÑòÃDëYâ-ðþÃ~I²LÂ¯6ägìY°>ÉÂ×ºàF	viå§Z&¢è¨û0º¦È]3nó§,@g+°¬\
,ù°¹ÔHEV¿I1S®©c7­¤<°?B²uG²R¹\0m§`yö©Ï?NÆ&Ý.OGÃ}ÁRéX(Õ7®`ö}Ïõ¡à#-\
MþW¹&ÊîùÔq[¸3Çmñ#Ëð´ÎcfANöðä»Ç»?Ìùe/DïÕ­Ó',gÂáB$!®ûáUøO÷I²2¸KGÛU+?Á§øvûÏÇH<Ù£}³A¾õ¤Úé{Ë{Ù¸¾¼!æÀìª\0æ³J]ÏfMÒ@`ëq}ÌSVª°ZüÃ\
ÎOý	»ÛÝá÷o¥{¦éHxÏ+£a5q\"ý«ÎÑV\
ì}íAîë©\\ÃÒÏ8úÌ'LðÂAdÏAA§Äµ}ÍØÁÀ^ÉÛäÛµ¯ÞÐSP²äaº¢tÏ³qeHHý!IeÌ'Iò_$xÈµîÏP¸Òúl'N!ÛdÊ\\åc7åÇøB\\Üðe«q{º9*ÀÁÔ-!Z­$i2Ê0Q«ÞiOj(ksrQNj¯M)*Õ¤à°IÙ­Z§ãAoqñ\\$WI#_¸{¨Ì±E`M k¯ÀGx3L1z|¤rñ!Ì\\\
-T¤·>èOîZo.}Yþ+^êµºwé\\éýq¬-þ®LZ³Ö¤U»_h\\÷tãòªp·Õ\0ñukõ¼'­J©»~z2Â³x÷üÙèªºþ4Q«Ñêºùwò >á¨Ô«}ü}kÇ'nàï_	?Ùå:AÎar©ð)zR0ÃvÃ1^´biê­ØjL=gV3÷t½#3í(Ð\
ÏTàÇÇ5)³ÛàÑ#ËêhéW-&\0¥Àá¸q ÁÈ}¡:p&´Ö sv£ñºöôø\\)éÔ¯×U·?Ý!(¡¸ïÑ:<s©§4¥òÔ#Uûñh'Ó XÊ¯Â1W[&ÇÍH ¾c=n\0ÐÝ..ÕÝt4!j¹Ò[D+4ù*NG¡¡©/`¦0Þq'·ÚgÍbµÿ\
\0#ÓñdÐ«\0ÝÒ¤5n¶\"qç7Øþãaã`°wc2Õ¾_ÜMªíñËOòú>ÖNvÔbT8Ô¨ß5*å'y|æ&Uj»ÅãÇ¿Ö(Fh¡ÔÖþã Á¹ífãÒxT¥ F¦Ümº/LTwÂ]]Nf¤%/'­\
(Çúu%ê+t¥aÛ(´ðßN9;f©ß¯uÕ÷Ú@[YÌjÙ­KÍ[h\\WÁ±yñzÎÓåÝH¾uSG:à¡[ áÄ\0Èwom0ïjÞòCo?î0ñ'£ÊÝeÝÍlvQ,\
l#É#³iëêdêYëcÖ¿«8«!ÇÉU/p£ÕVLr°ùà¾ÿ~½ÄñÌÕfµ>Ê»É¨Vêªý·\
Z3ÿá\\1ÆwÓqý<(ké?4s½#Ó¹ÒJ:a$Ó=Ôö+ì1[2¦àï¢;ïáã`<A\\L+åº§½w\
ù¢¶ÀÂÁîí	.Ä_Hµúc£[íÓ ,¶1B!egÁ¢W%Gb)UBé>ófkRÛ8RÜôPÈÇùVTqæ©>9»ºe£{-(9zº¬s\0<©ÚÏûqmôâKA¹zÿ/¢ûQ7 ¨©ÿðfÐ{°VÙxõ²)RÏó×è@¦\"O´HæÉ6,.óýrKhì:]SpOÜ¨Ìh~Ø±(8ß5»q&1¿E¦ÀÐ[Ð¿gipw+)âHÃkö=Ql6×ÞhãYôâ*Y_4h5ÒMÆsõX«Ãûàñ¤4\\´úÕV¿±¾¤Ö¯zéÆÈ ×kMàí³ØÕ+îßG£Á¼Y+U7ÞÁ÷Üÿ?è?É9ù×ù?³Z2FAËñB9Ä=~ à÷rmá2æ»î<ä]Z¸Ll¹KÐ:Z\
ÐCÀÅ¬9\\èX¬¬Û\
0ïBsÊá2üÿú´©Ö;ÿgcÔºÝÖpüi£á¶°(÷ðB§YWÍçI6÷Ë|sºOµO$\0+MµK»Þ'Æ:FPÓbuÒa¹wÞ}%ïk\"Ú~¢Îp{\
Sú#öÊgÔþ£AoFÑ=¶*×Ê¥hìæyjñËØ¼Õ<BZÇHº«¨Yni<&XþöA¾Çn+²Õn\"ÓÍ½ê«ÜE3ÖtYßòÖn¯í4Ý·Øzê¤Ô°§ÅÖ#ñÄ+éÞ:7ùy§ýÚaô®sU?i¢@+Kð³Éêci¤RÚh%Vì0\"ùÆâ1 NM;»d4ªËáô¹Bg$Ü*FÀ0þÛzµõvsÕ¼Í¬\\±ÝuLÝaÖªV«PZTíûEEx5sª­¢<V4Ç~3Ë­\"wÀOP£dE|ýÂe§Bü»vËnûísv?ÉLKÍ²{ò(¸¹ÍDí±ÚL¤ôã\"v\"i¥v4³¡êvùpAÀp4H¡VÓã\\nË-ã2pw¾«Kå(0ã@°ÒY¦.Î0ð3ÚWãY>zÿ2»¸«ÇïÛÕÅb&p«x{^¤ïã}­.»/Q6þÿ /©q$q :XMÍ9,7À¾-1XÁA\\æ_ãÁJÃö&`m«ó@znÓ[¥iÔ¬Lî)8PùgvBóxv¡ßóæªj0Úrþ:5+ÍÆö£\
Vèezó1 Vàäh¬;Âª.¨Ø,÷¿¶vL£Â\0ÿ°>nùøgXfá6dO_JfÐx¸½÷ÉU6üÔxJËêý@à`vøs¶tMDj`óPf¨5äz\\ëhK±Æ¹ÜÀ\0%l;PaBaàÕbÅá*k(àÑýpxmh¿qãðÅqcd;0 Ýl¯Êh¶ð4Oå[ÓqS @1pN\
¨dýu¨ÐØ	>=þôÀ÷½þküZE5Ãâìh¸eÆ>yÙá\0Ï2ï%øc] ÉÏ\0Á÷7é`\"í)³sÊÄl\0î\0leÚÔâqÅ`óP	×JÀÀq¼XãeÚ7ÛKR~?QÇ\0\0ÏÏ×ëÀ6\\¼¤Æ¸>'»¦@>à?,Ûo(}±ãËÀ¨l=*Ò¯&:Yµï¦¼JO¢3q¢ÝDt·\\ý®ºq`ðl\"9¬ow¨­g.¨V{À0È%tTÜÂ c7÷úú6v7\0wOHÙVÓíZøö­Ýo\\GkåÌëpÚf§¤}n9ÅNXË×/ÄßÍ(~pqXÏXqÓÛ Évó\0½ñé»BoN«ñÒU(sÙ¹ª^OÉËA¯$Wï¿5äq, ·×¸¿DËÕ¼{hD®ù­æwõÏ?ôSW£~äîD¨tí¸Äâ)>úùpÍL¡§xPG.LVpK¦8¦ñÉMÞ|OZV­Ö0kÝ:°äï®C¤És!y;äµ\\©[çË*æ~x+òÀð	Þ>{D³y &ÊúÛø$,#)8ã m«^ë'TÄ¸,Ã2£é1I\
À~¬sÍÅ»©¬÷z£AªFæ)bÿy0ðºÂú<a3/£{ìS<>}Ë7[±¾Â,~íÈX+PØv¼z¹ReàPjÐðãN<A­\0sUäKÀªodOqî¸r ±Ö(ûîRbË'!¨÷¸óäÿ}Þ¬ÁÙÑ	ûÄ³¾>cHDoÂ¿ÂÔ!Rº=^á_à6hù+¡2/ßÒþ¶H|CNôh67éÜbúÌMRÃ»ËyéDpà3* ÜºM¬$ÒÁg{Ç³kÔlßòÍÄhdôV¿ÿgvQ«+`Gã¤ZåQi´øÄ±0}î9÷FAW(Eh öô<}¿\\tb¹y±3zØ§Û*RvUYì9A9xÞïvÀ¶$rpÜÁ&¨Ã&\
x«Ûh?Xl\0ãÅøEÈ\\=ÄÉ&#Õp#ùÉ¼è¯Ïþ Ú@à3.4vHÜmâËä2WÄCu+&îCýì©bÔá\
Ô1 )[µ\\\0ÙÁr_¬vÒsK|>¨t´g³ÿÛpð´\0ËêÝÆ[^£ÏP}ñÇêSq­Ïê¯ö²üZäàNCøûl¼\0£|·r9X&Ä(Ò/.pr£c§B/	ÛÅ|«Á@N¶î!(èwåpE°0ØA¼Ð+µr³ôÝ7üõßF>¥M5V+¶Çê=+¶U¡S~¼	Þ¶ìäD;­Is¹åËB±Õ\",\"Ì¡~ÅNQ©ö¦Úü½Sþ¤;e[¶÷HÃjúvîy1­Ücr3ª¦ÓE¾½ê,8èmÀzÀ®SeãÙ¼`îrÜf¡Æá¢±RàUáÒËÂ^\\@²>êpæK£ô#vËA'Ònæ7¾Í0JLØYúlië\"Z Ñf?IrY©cÞÚ¿ÀT¦u0/ÍRÁGèu$Ñ:%ËÄaÓÈãÈÅo¡@ù!8èç£Àp%¶Ä¥&ì·Ä\
¤Þ.ÛI²ô6\\7'¡ûV:ÖlÛ|léåÎbðIùZ0lÏ9ÄÊ5µÂôYMã`(FÄ¶ll&§új¥Ý¹?f£-¼b®Åßf¡-/X	¦Í&ªi;DsÏkÎY@ÍÀËÇ­E£é]Z4®g'zààAï&¼HªsÁëü\"£	^/ÞÃ¡vÏ¸(0Qþ½Nwªm5ìêÄ\"uåÚrÑhuª­\"¬ù±d0Ä¡XÊ(²¶Rº\
#ÒJù)}½Z*\
kdÝü§U3	ÐÓð¡ÈÏðÅ~=@)·øP}¾vkË·è\\ÔÇamzÔÕê@Ô\"¦×ÀúcRYw\
!ØS\
[IwRÄQNÆ¶ØØCNv'þ,åì¬òpÕ.&ÑR¸,íûÐÃëÓiCÅÁ¨dlhõþ§;è¯{\"¸ùØß·dJJvþ<~NÍõUmV¤£õ¶#aâ ¿#5ÀÉÈ&±ïªÁ¨%hF3ãGôÐ>h©ÒV\\r\\+I5j&°öµ`'¨^ågÉ7}½PQ¼Ô/âaúµ£ù×3þ 58HlK7n<w/B1v¿J¼ÝUÆ£wPj`ÁÒ®0,þìºs]lMÁKÖBIyàL	_z!qàm,us0¾IVÀFaÖ.¥¾O\0« Ä3÷»0ð}T.DËJ96!³löyH;{¶f§¨=ÛV3)oÀ÷´º°¨ÐÆ!nMç6·\07ÎjC]D*M7[PX\\vb(¨ß I1%rÏøçN³Íå*kËûþE·1õZS÷q2fpØ¤R7WÙK'9eKùAiÞÏfb£Qh;ðëµ'PQY\\<ÄìuìV'S«TÒðiÍñ]s0ÿ§Qwj,ñ¯5Í[îð	[¿æÅ¨ä³ûÇÄ:IÞ>¼Ý_¥*ß©{{qQS\
ºík\\gÌw  Ãæû3¸üSõ·&qjÁxÔr¾¾}Íg©Ë®Ì¨k¹$,!XdkMÓfI v¢cºZH\"0\
áa	þ×ú	¬¤çþ¥Ål ³y	\"àWr9üÕ[cÜl=4^WC}2¾<iªëGÞOx»ÅzkC´¥[ðn\
Ü$.JyØAÙ¬uØRç¹oÅ%ÊÒ¿8èCþÅùí@ê-Õ¦B.ö4-Õ[yÙlu®äðö*ÚÐFÐ RLa8kZvË®Üsí`Ö5cØÓùc`Kaß¿º²þÜnEE©ÄÜIÂ÷¤(½\\^(S*¤Â¯åÙ`ækåXêTxÉÀZ!ÃÖ´×íZSü[sØ$oê/Ngñv³lËk«P$x3Vy»}JÝñÙ2¾Ä2çÝ~Ïeä1ñîuG÷:­^ZºLNì\09 XGZþÞzØ\0KÁÜ`²í 	\\VKÌ²ø,d2Ðx¹>¿ÆÍ×lIy<qZÏ'ß\
¶8eõþ\"·h%¶å@Y3<¶¡{jø..r×³ìmønv/åxV{-Z¿ÜÑ7Q­2KÛåz8C>--*+S<Oå' çÓY¶¼´nÐgKÊÓqûlÄz×üj6¿(,+	jËÝB?ÅUc:h_µªµÌE±)ÄL~x>`ÿÆ1~ÀþT`²$ëÌßV.\"ía7Ñ¸~	ïàµ	G1EA§ô®Y6ÙÑà1`%2:¦G/©p µà\"1X\
¹-/­CÕ_.%÷$|?þ¯Pµ¿å4(a0¿Û9ìçn	kGeÖì¼t¡êóM 3Ë·!Àõ2S+¹>F³Ø*Iì¤Æ§)	/{qkÝaÏÉÇ8üóAªâ\\ÓÂHµô6_ý|cDÄ¿z!ßªýNV©; Ð7´§\"ñ=foL'|­^Ò¡Lë±\
7çíBUÇåLa]Sm5JhÉÉkI'GiPxÝ§¢`6\
PQGyï¥Ì¬¶Ì3ï/Vÿêü«ö;p¥þþY8-p ìîXs=}¾·rkØ]\\m¦§NWf£0eëà): Hª1Ölô±~q5Z£àF°n4Ñ²÷èa£Þ«±bÂ{ûË6´mý|Ëö[µþ01ô¥»{ãM}]z³y¨tsáAk×\0:¨Xãö/'ÂMTÒmcsIá[\0³ü¶¯0'ãrd¤¸Aiu°úÏ·f¿T?P5£{Bnárg®;Õ×ÐSb¨âCYlÈJ©t¨5ÌÓÀYG\\,F\\,#ªá5yd	Õ\0ÛÊpL±[!¹Æ*AÍgÝØµ¿ú8ÉcH«5u&Ú²|þUû-âêo\0Æ\0÷Û×\
»=ü}»§R±Pãòæú¹øê y`°\0ØP¯©v$i¬¥ëþèð5°Ý-Wbtvdòâï2`+¸×#8sÿgÔË»'m\"ÿÔ(ôú/9âáz÷þr8Þ9@_¯o±á¯-±2Ör­0Á+fÔ+»Æ/8hj	b+Äq4¿T`n®ñVnÿß¯Ã¯Úâá)Ýi§ÉSé\
ôÊq^º«g^zñÀW[lè(1,üj£VaOô^£	~XÐ/Â¯;]Ø··Ãõßøý2ü\
¾í0;îI(~^$Zµ¾îKa¨W~éä8x\0c¶cå\"Î¸6ëCG\
¾\0ÇV#Áq[;èg«Día1¾\
Á[ê¸Mcþp0\0¶>q\
ôw3ê\"y_¨W¯_Ô¼ø4((Ñ°À®t !Öø_Å8ë'¢&6Óc\
PtdvÏïâvÞü¿ñûeøþÁÔüf­Ý8<ªs×íËÌíå­ÅSýXä>øö£rG( |1l`LU&J}ùÔ±O¾Ký\
ìC'ÿo`ðõ·§u0îpÊFôDª¦)¤kì¶ßíÇgA£Ø@wæ©5x£¾\"¼ó_PÊ¸2H5ù\0||ÍÇÃ¯Û¸Ï×» ê=­*åú\"ioÈÉ©ªæ¬jtÏÞ`wÖ@íj)Öê\0ÇÀy(¹ÀÍ<t1Å?&ù&|Ñ¡ÊH´Z\\É÷9ØðKþòä×·xþ5ûìúzé+?v1XìºçØDÞj:©¿.\
µC÷háTÇj\0JÌWØÕp³T¶ÔÓÕ8Ûs¯­jíâ`Ì¶·0Ô¶gö­×JHðÒ Þ¬]§0K5NZjê¾}ÀÅobKñ¶ÐLîëÖIÏãÅ05}|L\"ú8%ý(Q`sKp`æ#AûZX¼Ä2pÅCX+(¥N#?³/m@¡Û÷êtn%ì`/k¬ß¨Ùrev6ÖÃ·&áÜ·Xn©ñ¹Và#{^þÁÖ7û¹^lË´:4«Ì\0Ã<SSÃB¨?¿¹½ÝÂ&LL®NTrÃ^ÍËÜ88À}åÃ.ø&:ñÍÚù`¬Ø¬[á-ª»¿^RÁýµäài£:ØS»~¥ÑYóÐpRKõ:£×ézâó<ÝuS¤çû:H±ÀØ2côã'·Oû\0¬Xe­·Oóæé~6{¹»ZdëãðËUi$;§µµ^©ÕÒj®oðÅvsGWß>Ç~=ØU|w2_>im&SMhczIs¡Dºür\"DøÀ3¶Ò`ç<¾nï¯¤=°	g8õ¸Z\
õ©`oøÈ3ýxÑ4²ni*	úê<éN²×t¯_È]³:§¶Ïe,²ÈT¨úÏ``wcIÊcwéUJ¡BfPUWáÚ]êD½eTc-XEüq¤\0Ã=v\0#qrÇAÔ³LNfÝh#ÀÚ³ü#õÂs8qÄ;3ëð#|«ç_´Ãª¨Ý¯Ý$Ô-þÝ	Ñ¢d/çNlÄßêEôNQI\\ûÞ\\qb¹³G¶ÄîFðn8CÜËÍ.¢ØÝW\
f-8#6bØÊz§þõ@ê[¼oÑld|#@üï1¥éB&cúùSä©wu#è°¬NDÕ±O'L¶Ç!+d5|ÛöuÃtN6àÈþh ÜèÛG±32ÞÊÃb=©LõóÜ¦¥r4ú4Ó²»H$»[ßàtûõH$%ìÎ²wf·ÅxëÄO¨ýè`ã>b`Úµ·¥JÖÇ±Çx,µJ!@S¹9ÃKÜüyWËÌA=Q¼ÇÃÁãì)ÿôÜ}µ§0wë¥íP¾¹GØV]»=±åÇjd1ÚÑëÃà16¾¼=GN5pFìÃm$UÌÞ3þÝ¡° DzÌhhçGBÂK6ÇäÄâK¸?]¶û^r9*L_JÍ@O}4J[p¦è}ïµ\\Æ:/ÉÅõØy;IVN©±Q#ÇN@õÙêt[s£-ÃiÛã£pYZ86AcøêÂÆðêìÝÙs;}Hå-3üsÀ1Ö3!}D¥¿ÅªùtË§§nìµt3?4îF<hÅ«FÚõ4GJlº-°lZÖÏp8¬ÈÙ(°0oTÇå(ìd°ß-ÁYñïl	éõøþ$0Ð>¾\
»?íI¾dëR'-#äKíf~â'\
ýXÃûP`¿jõzÆ+s¸`Fã$<	FýÈZ5ÀVà	h7Qù¿?Êö\
¼LÄ;0J9÷ðý8øZü°-GgèH¶Ç\"èáâ1bÍ^ñmð&WÓIñTÇ üdFÀj¸~VçØ¢XðEq\\øosâÏB©Vn_YïHô\\¬®ÑÜco¶×ÕRFïO|{SµEÿt Ït©H£°Óï&øÅ7PÅfº0jÑüeUæØæ Pb0`Á(%WM~ÀÏ\0)ãd'èÄäqÎ´d¨&	*Ð}ÜÌÑØÒêñ¨Ü,Ä[±{4hÕë0åHËñ»ê;5º|tÛ¬û`æÜGÕl0}fVÖ=ÁQÂdùhîy×ùwfÐrí/óÕð^Ô=uHô¥\
qï-7T¡éËÝí©±g>Å	bV\0ìÌqÃ¾x3ãÇå(jºMéJ|® Ç°Î{:t{ñjÛf}L_Çi¿¾¿¢ssµq­4ª4Ô¸÷8]´Hùk\")c«1ùq':3S¼¯ï£$?{{JªcÓÀÇ£à½KpÎRÜ¶ÿÆÁ\"8½)ðõ%\\q°ÙÖéP¬+;'J 8U`O ¹9ù/%Ñ ùÝ&ÿüC0Â­ÇolÙl·þ8,êíçûH>=<á½ÅùotVþÓB­C9ì6ÌwÚ\\?¶^xè®^L©w\"ßÁKü2ÔR+ßôp¾ZwªâqºKJ@h0:È@¹ÑLcÛk+0hCØo}ìÒ?ÄÜG¬ÁwËÉnîÇÅËñ\"¾±Éx5|ùÞ*8°÷`s,°ÀJ;Â(¶L=ðN$gPC4Î~Ù&ù_ZkÍ¾¼yö?¾c/ÿÀ*<ê£½G#Äº|]^u¼^+óùN'|ÑXRb¦ÁÉçvÌËá5,á¤Ò¤·zQ	ko'àF¤(Bã»h?ço.ÊÓÓ²d0ïÖª@;ÅnÞäýÇmÒ×¿1ØùbIÝóì[¹5­u-Ë¥ÖÓ©À#ØµMât,ð0QIôquc²,~n8þÞ>YË	WÔr972ÄÖÇºGC©P¥U¬£ùÿRO[9­Û¢Ðs4oq¶'ÝsúN0ÞvÔC¯KKQlF;á Á@©	¶¨aÍf,F\\J~-Ë )fW#ï©°fÙhtw&¾cº¨c¨ÛßÒìÓÀÔf­Æf\"ÃÈp`w*øOÉü375Ç>÷fOvÍRéñc=V=7äí R~Ì>qq:r48JÍ*Ûb»8°7¨7°=ãúr®-ZÄÈ;¶ lX¢	ÇÞz/$À\0Ãù\
høæpRÊd°ËöõÖËÛEò¡IÓöe6¼neYïTs«v÷4Â°2q¥!¬ÂþlÁ¶§>òpoã5GØ£ò´Ú­Çæs¸úi8ºf£§öiiÍ]­2áÈj6îHÆW3Êüuwnb¹;z8OS/ÉÖDÇsµÎøf»\\OÄl¬dDº-g%!8h{íS4àè´Ìo·M¸Äc[N4eîøàUpQ*ÜÞjI¨*Är,1xìTº:nw\
%üÂÁâù{[¯\"ñ$«#¹hû±,ÊRJÝ^¬þÃØTaí(NÐ&cØí<ÌsÉÜñ¿è;Q,uâ@f,8*Y0>!S`!¤[éN,âá¯pÀßI#ÁRÀ6(¬Ãînê¡0C1ROãäHM>þOº±}¦wËR~(\\³#AÖFK´RðË:-¡àUu÷`3ñ«à/V9#ÝEMï~eåüVNÁ_¤pü-Z\
>3|Dæ^>¼ÕøRxÂÏá»S>1ÓÞ|ÿ_)³ýÕ¬µÑ{:}UrÝR½ôîâÃÎs!×j¾Êü©¬ðU-É×ÂqÏ«$æXmÈq9|Â8ë-(c±¾Å1Ô68áKwxú°*ðøê±é«d¾Z@\043\0·Ý ³7ÏÅÁU®xÑ+¼Í_3©ÔÃ©æÝ)ØÜ66:­ÜCxÎEF¢Þ,0rÔ<&Þ1ª!åÖ·Í¸;	ìbª\0ÿ¸ÁWý½ï\0¼Ki8¼Àû hZÕ%Íqu@«6¿ðoz½n«å³ÿ¸b­¡jùÏþÔ[É","5221fa5f-bc6c-40ee-b482-38dd769be76f"
"dff6392e-cd02-4911-8c0c-1127bc9039cf",\N,"76bf43bd-d35f-4d54-abda-4cfda9ae31d3","xE1Â0ÿ²´(]ÂR\"\
Ë>ã³ÎgDù;­¶ú*zzb·ÀàAR#gØAå&þKÜTKµÃð'÷çNS¢²VØóÅÀ2ªÓn¬$1¾ûÏ-¥Þ´¿OÂ-'Þ]Ã¶}\0¾D1ª","bef51ffa-a860-4688-b9a7-e6cf7f27b9d6"
"e2a17dee-b00b-4412-aea5-02ed99c53dd9",\N,"fbc9925c-27f3-4320-bbc8-5c733e3d136a","x%;Ã D{ÖEäÒerQ\
kkhÁqw³xºyó4¹B¦_\09\
	V©]öÌ7 ÞÕih=út3¯,|Á¥XÉëÝ\
aJ*±k¯d!4þ÷þbÂþPú³_yzëOos¬Rio3Zàó\\ºrÆê/Î","21cd5325-6558-4fa8-8ca0-7b5675ed9bc5"
"eb2a9357-6731-44b6-ac2b-5d9d278f0ef8",\N,"5b435670-b234-4421-aa13-6b4eb194f7d6","x%;Ã D{ÖEäÒerQ\
kkhÁqw³xºyó4¹B¦_\09\
	V©]öÌ7 ÞÕih=út3¯,|Á¥XÉëÝ\
aJ*±k¯d!4þ÷þbÂþPú³_yzëOos¬Rio3Zàó\\ºrÆê/Î","84fc0684-b0d5-4e2d-b918-97205f7e346b"
"ed5d139f-bb92-4ca7-86fc-70c22d9e92c2",\N,"981b2c91-44d8-449b-b7ac-74109d935312","x%;Ã D{ÖEäÒerQ\
kkhÁqw³xºyó4¹B¦_\09\
	V©]öÌ7 ÞÕih=út3¯,|Á¥XÉëÝ\
aJ*±k¯d!4þ÷þbÂþPú³_yzëOos¬Rio3Zàó\\ºrÆê/Î","619f13d9-6bb7-412b-9f34-b5003a1f1b6d"
"f12d8487-3cd0-4bca-be70-076d1c140259","d4a16ccd-b155-4514-8a22-216ee29157e2","abf1596c-005a-4c47-9a5d-59e5da9014bf","xí]iW*[ý+µì¯}æá}C&DµºydkÕï3¾\\Lôõ{ÚE¿)	'öØ'MÃÚÙgµ×J©ÛªJó³ó³Ym4núg°ó³ñ`:ªàÍÉd8þã¿ÿ»ÔíÔzNk\0×Õºµ^­?ýñÏµªpÑ}\\øCõnºWÑrJ*§:\\¹ºË¨Vúnz=û#D#çgø/Cà?æ­ê¤	wµøl³Öj4'gP©à_Ë¿úþk<:µÈ ;Á;þW½^·Õ2¼_¹Té4Fi¿ê­Þêvï&|øBð=ÏÖïS\\Þ®ÿí½\
Þ°Ñì×Æc÷Á°TiMàóRü¸x·áU¿þ¿àïk5X*±QJ7Q|üãfÐÇÕ¤k#òü¬5ÂBNð¯ë¥î¸_¿Eì}qûÓn÷ül:¬Ü¨2V.²Tu[ýÎúî ÒÙxw5_ÿÏù¿·	âCÚ\\y?§4ÚR«¤Ùö1]WfîMcTdo¯é«Zdnó©ÅgÉ+£Áxj&æ±/>a0¤µp°¡×Ú,ñ$¹r¨¡BjÁñúCÜíÀ©)a¾¶B¤ Ò!?êVPGmüè5á1M¸)ñâS^á\
ßåKKj+4ÜY»[¸wó»äkkÖâH-×h<VÔ£G¸ÍR¥9Õ~G°Ä»£>I6d¨v45\
÷QÒµh#¸¶Æm%üÑNF¥þxXÁÒ¤ä°Ój«âÕ8Æc¨L)&ßÅK¹UÜ¸Ïü\0ù2íS2L1E±d§|[÷íÜ5¹-fgÍ>µôê5^ê/_êHM4¬SÚ¾Ä@KËªÕûïj/+æ0!j\"B_ pûi?Sý!pe£ÄÇ¯øPíTKBú!ZYÀ5Â0¡v\
¼gGð}rrñlæ­ç|kÜnlC5q(#F2P`ñÍÖ­ØÑòåÜð\"¥$î¬åËt´ZÁkVkØûï& %òúf~ÚNjP<»5v=¯Û1Ö^ØÖ­(LÚõËÛÜõàdvÔ°SRDH»!``FT­Ö*`ÍC¨± xØ®å«´4°¡µýâåÂ·)µBR£ñF;ä[.dÇµ¨êÎ8I<3cêÝ\\òÛ4¶åB¬Bîã*lêpÂ5|÷ÑÚãåÍÉgf7¶täæÏû~æ2\"Òï p&Wà°Ú+wË;Ëk£8It#Å¦·*Ùx¾ò*lÙeITÌ(^ªÃ@âH\"³_°÷*l òDsÂ5À\0Ô;ÓÊÂ?c;3íÛÎÀ­ñînúévÖWx~ÕÕ0½O&]jÀq±\\0p,¨Ëµ²¶@xA¸ð\0[WO¯ÓSdÏðA·¸ß¢8ìÝü:Y&RR¹¹_÷\",nO%_Î¸#-FÏàÝ°â 2n§[¿e9HàÇ~ÙâÒ£ÛÅ©0d7^¼E±S)«[û\"µÄ&NÇ¶À=¶@4°i¡ÊR=SGI1«N«]|É·¨åFJõ34õKXR*¢{Ìo¾PXÄrÑô¬u}Ë>ôýèÐÝú¢ÜýJj°¶BiÍ7%xF®åA-QQµºÜÜ¹@ØýøÙpv6_±°äó3T33Â·waO\07qC;D;,/îy±ÙLtâ5vqaå :hV­«$p«õÆEÑòÃDëYâ-ðþÃ~I²LÂ¯6ägìY°>ÉÂ×ºàF	viå§Z&¢è¨û0º¦È]3nó§,@g+°¬\
,ù°¹ÔHEV¿I1S®©c7­¤<°?B²uG²R¹\0m§`yö©Ï?NÆ&Ý.OGÃ}ÁRéX(Õ7®`ö}Ïõ¡à#-\
MþW¹&ÊîùÔq[¸3Çmñ#Ëð´ÎcfANöðä»Ç»?Ìùe/DïÕ­Ó',gÂáB$!®ûáUøO÷I²2¸KGÛU+?Á§øvûÏÇH<Ù£}³A¾õ¤Úé{Ë{Ù¸¾¼!æÀìª\0æ³J]ÏfMÒ@`ëq}ÌSVª°ZüÃ\
ÎOý	»ÛÝá÷o¥{¦éHxÏ+£a5q\"ý«ÎÑV\
ì}íAîë©\\ÃÒÏ8úÌ'LðÂAdÏAA§Äµ}ÍØÁÀ^ÉÛäÛµ¯ÞÐSP²äaº¢tÏ³qeHHý!IeÌ'Iò_$xÈµîÏP¸Òúl'N!ÛdÊ\\åc7åÇøB\\Üðe«q{º9*ÀÁÔ-!Z­$i2Ê0Q«ÞiOj(ksrQNj¯M)*Õ¤à°IÙ­Z§ãAoqñ\\$WI#_¸{¨Ì±E`M k¯ÀGx3L1z|¤rñ!Ì\\\
-T¤·>èOîZo.}Yþ+^êµºwé\\éýq¬-þ®LZ³Ö¤U»_h\\÷tãòªp·Õ\0ñukõ¼'­J©»~z2Â³x÷üÙèªºþ4Q«Ñêºùwò >á¨Ô«}ü}kÇ'nàï_	?Ùå:AÎar©ð)zR0ÃvÃ1^´biê­ØjL=gV3÷t½#3í(Ð\
ÏTàÇÇ5)³ÛàÑ#ËêhéW-&\0¥Àá¸q ÁÈ}¡:p&´Ö sv£ñºöôø\\)éÔ¯×U·?Ý!(¡¸ïÑ:<s©§4¥òÔ#Uûñh'Ó XÊ¯Â1W[&ÇÍH ¾c=n\0ÐÝ..ÕÝt4!j¹Ò[D+4ù*NG¡¡©/`¦0Þq'·ÚgÍbµÿ\
\0#ÓñdÐ«\0ÝÒ¤5n¶\"qç7Øþãaã`°wc2Õ¾_ÜMªíñËOòú>ÖNvÔbT8Ô¨ß5*å'y|æ&Uj»ÅãÇ¿Ö(Fh¡ÔÖþã Á¹ífãÒxT¥ F¦Ümº/LTwÂ]]Nf¤%/'­\
(Çúu%ê+t¥aÛ(´ðßN9;f©ß¯uÕ÷Ú@[YÌjÙ­KÍ[h\\WÁ±yñzÎÓåÝH¾uSG:à¡[ áÄ\0Èwom0ïjÞòCo?î0ñ'£ÊÝeÝÍlvQ,\
l#É#³iëêdêYëcÖ¿«8«!ÇÉU/p£ÕVLr°ùà¾ÿ~½ÄñÌÕfµ>Ê»É¨Vêªý·\
Z3ÿá\\1ÆwÓqý<(ké?4s½#Ó¹ÒJ:a$Ó=Ôö+ì1[2¦àï¢;ïáã`<A\\L+åº§½w\
ù¢¶ÀÂÁîí	.Ä_Hµúc£[íÓ ,¶1B!egÁ¢W%Gb)UBé>ófkRÛ8RÜôPÈÇùVTqæ©>9»ºe£{-(9zº¬s\0<©ÚÏûqmôâKA¹zÿ/¢ûQ7 ¨©ÿðfÐ{°VÙxõ²)RÏó×è@¦\"O´HæÉ6,.óýrKhì:]SpOÜ¨Ìh~Ø±(8ß5»q&1¿E¦ÀÐ[Ð¿gipw+)âHÃkö=Ql6×ÞhãYôâ*Y_4h5ÒMÆsõX«Ãûàñ¤4\\´úÕV¿±¾¤Ö¯zéÆÈ ×kMàí³ØÕ+îßG£Á¼Y+U7ÞÁ÷Üÿ?è?É9ù×ù?³Z2FAËñB9Ä=~ à÷rmá2æ»î<ä]Z¸Ll¹KÐ:Z\
ÐCÀÅ¬9\\èX¬¬Û\
0ïBsÊá2üÿú´©Ö;ÿgcÔºÝÖpüi£á¶°(÷ðB§YWÍçI6÷Ë|sºOµO$\0+MµK»Þ'Æ:FPÓbuÒa¹wÞ}%ïk\"Ú~¢Îp{\
Sú#öÊgÔþ£AoFÑ=¶*×Ê¥hìæyjñËØ¼Õ<BZÇHº«¨Yni<&XþöA¾Çn+²Õn\"ÓÍ½ê«ÜE3ÖtYßòÖn¯í4Ý·Øzê¤Ô°§ÅÖ#ñÄ+éÞ:7ùy§ýÚaô®sU?i¢@+Kð³Éêci¤RÚh%Vì0\"ùÆâ1 NM;»d4ªËáô¹Bg$Ü*FÀ0þÛzµõvsÕ¼Í¬\\±ÝuLÝaÖªV«PZTíûEEx5sª­¢<V4Ç~3Ë­\"wÀOP£dE|ýÂe§Bü»vËnûísv?ÉLKÍ²{ò(¸¹ÍDí±ÚL¤ôã\"v\"i¥v4³¡êvùpAÀp4H¡VÓã\\nË-ã2pw¾«Kå(0ã@°ÒY¦.Î0ð3ÚWãY>zÿ2»¸«ÇïÛÕÅb&p«x{^¤ïã}­.»/Q6þÿ /©q$q :XMÍ9,7À¾-1XÁA\\æ_ãÁJÃö&`m«ó@znÓ[¥iÔ¬Lî)8PùgvBóxv¡ßóæªj0Úrþ:5+ÍÆö£\
Vèezó1 Vàäh¬;Âª.¨Ø,÷¿¶vL£Â\0ÿ°>nùøgXfá6dO_JfÐx¸½÷ÉU6üÔxJËêý@à`vøs¶tMDj`óPf¨5äz\\ëhK±Æ¹ÜÀ\0%l;PaBaàÕbÅá*k(àÑýpxmh¿qãðÅqcd;0 Ýl¯Êh¶ð4Oå[ÓqS @1pN\
¨dýu¨ÐØ	>=þôÀ÷½þküZE5Ãâìh¸eÆ>yÙá\0Ï2ï%øc] ÉÏ\0Á÷7é`\"í)³sÊÄl\0î\0leÚÔâqÅ`óP	×JÀÀq¼XãeÚ7ÛKR~?QÇ\0\0ÏÏ×ëÀ6\\¼¤Æ¸>'»¦@>à?,Ûo(}±ãËÀ¨l=*Ò¯&:Yµï¦¼JO¢3q¢ÝDt·\\ý®ºq`ðl\"9¬ow¨­g.¨V{À0È%tTÜÂ c7÷úú6v7\0wOHÙVÓíZøö­Ýo\\GkåÌëpÚf§¤}n9ÅNXË×/ÄßÍ(~pqXÏXqÓÛ Évó\0½ñé»BoN«ñÒU(sÙ¹ª^OÉËA¯$Wï¿5äq, ·×¸¿DËÕ¼{hD®ù­æwõÏ?ôSW£~äîD¨tí¸Äâ)>úùpÍL¡§xPG.LVpK¦8¦ñÉMÞ|OZV­Ö0kÝ:°äï®C¤És!y;äµ\\©[çË*æ~x+òÀð	Þ>{D³y &ÊúÛø$,#)8ã m«^ë'TÄ¸,Ã2£é1I\
À~¬sÍÅ»©¬÷z£AªFæ)bÿy0ðºÂú<a3/£{ìS<>}Ë7[±¾Â,~íÈX+PØv¼z¹ReàPjÐðãN<A­\0sUäKÀªodOqî¸r ±Ö(ûîRbË'!¨÷¸óäÿ}Þ¬ÁÙÑ	ûÄ³¾>cHDoÂ¿ÂÔ!Rº=^á_à6hù+¡2/ßÒþ¶H|CNôh67éÜbúÌMRÃ»ËyéDpà3* ÜºM¬$ÒÁg{Ç³kÔlßòÍÄhdôV¿ÿgvQ«+`Gã¤ZåQi´øÄ±0}î9÷FAW(Eh öô<}¿\\tb¹y±3zØ§Û*RvUYì9A9xÞïvÀ¶$rpÜÁ&¨Ã&\
x«Ûh?Xl\0ãÅøEÈ\\=ÄÉ&#Õp#ùÉ¼è¯Ïþ Ú@à3.4vHÜmâËä2WÄCu+&îCýì©bÔá\
Ô1 )[µ\\\0ÙÁr_¬vÒsK|>¨t´g³ÿÛpð´\0ËêÝÆ[^£ÏP}ñÇêSq­Ïê¯ö²üZäàNCøûl¼\0£|·r9X&Ä(Ò/.pr£c§B/	ÛÅ|«Á@N¶î!(èwåpE°0ØA¼Ð+µr³ôÝ7üõßF>¥M5V+¶Çê=+¶U¡S~¼	Þ¶ìäD;­Is¹åËB±Õ\",\"Ì¡~ÅNQ©ö¦Úü½Sþ¤;e[¶÷HÃjúvîy1­Ücr3ª¦ÓE¾½ê,8èmÀzÀ®SeãÙ¼`îrÜf¡Æá¢±RàUáÒËÂ^\\@²>êpæK£ô#vËA'Ònæ7¾Í0JLØYúlië\"Z Ñf?IrY©cÞÚ¿ÀT¦u0/ÍRÁGèu$Ñ:%ËÄaÓÈãÈÅo¡@ù!8èç£Àp%¶Ä¥&ì·Ä\
¤Þ.ÛI²ô6\\7'¡ûV:ÖlÛ|léåÎbðIùZ0lÏ9ÄÊ5µÂôYMã`(FÄ¶ll&§új¥Ý¹?f£-¼b®Åßf¡-/X	¦Í&ªi;DsÏkÎY@ÍÀËÇ­E£é]Z4®g'zààAï&¼HªsÁëü\"£	^/ÞÃ¡vÏ¸(0Qþ½Nwªm5ìêÄ\"uåÚrÑhuª­\"¬ù±d0Ä¡XÊ(²¶Rº\
#ÒJù)}½Z*\
kdÝü§U3	ÐÓð¡ÈÏðÅ~=@)·øP}¾vkË·è\\ÔÇamzÔÕê@Ô\"¦×ÀúcRYw\
!ØS\
[IwRÄQNÆ¶ØØCNv'þ,åì¬òpÕ.&ÑR¸,íûÐÃëÓiCÅÁ¨dlhõþ§;è¯{\"¸ùØß·dJJvþ<~NÍõUmV¤£õ¶#aâ ¿#5ÀÉÈ&±ïªÁ¨%hF3ãGôÐ>h©ÒV\\r\\+I5j&°öµ`'¨^ågÉ7}½PQ¼Ô/âaúµ£ù×3þ 58HlK7n<w/B1v¿J¼ÝUÆ£wPj`ÁÒ®0,þìºs]lMÁKÖBIyàL	_z!qàm,us0¾IVÀFaÖ.¥¾O\0« Ä3÷»0ð}T.DËJ96!³löyH;{¶f§¨=ÛV3)oÀ÷´º°¨ÐÆ!nMç6·\07ÎjC]D*M7[PX\\vb(¨ß I1%rÏøçN³Íå*kËûþE·1õZS÷q2fpØ¤R7WÙK'9eKùAiÞÏfb£Qh;ðëµ'PQY\\<ÄìuìV'S«TÒðiÍñ]s0ÿ§Qwj,ñ¯5Í[îð	[¿æÅ¨ä³ûÇÄ:IÞ>¼Ý_¥*ß©{{qQS\
ºík\\gÌw  Ãæû3¸üSõ·&qjÁxÔr¾¾}Íg©Ë®Ì¨k¹$,!XdkMÓfI v¢cºZH\"0\
áa	þ×ú	¬¤çþ¥Ål ³y	\"àWr9üÕ[cÜl=4^WC}2¾<iªëGÞOx»ÅzkC´¥[ðn\
Ü$.JyØAÙ¬uØRç¹oÅ%ÊÒ¿8èCþÅùí@ê-Õ¦B.ö4-Õ[yÙlu®äðö*ÚÐFÐ RLa8kZvË®Üsí`Ö5cØÓùc`Kaß¿º²þÜnEE©ÄÜIÂ÷¤(½\\^(S*¤Â¯åÙ`ækåXêTxÉÀZ!ÃÖ´×íZSü[sØ$oê/Ngñv³lËk«P$x3Vy»}JÝñÙ2¾Ä2çÝ~Ïeä1ñîuG÷:­^ZºLNì\09 XGZþÞzØ\0KÁÜ`²í 	\\VKÌ²ø,d2Ðx¹>¿ÆÍ×lIy<qZÏ'ß\
¶8eõþ\"·h%¶å@Y3<¶¡{jø..r×³ìmønv/åxV{-Z¿ÜÑ7Q­2KÛåz8C>--*+S<Oå' çÓY¶¼´nÐgKÊÓqûlÄz×üj6¿(,+	jËÝB?ÅUc:h_µªµÌE±)ÄL~x>`ÿÆ1~ÀþT`²$ëÌßV.\"ía7Ñ¸~	ïàµ	G1EA§ô®Y6ÙÑà1`%2:¦G/©p µà\"1X\
¹-/­CÕ_.%÷$|?þ¯Pµ¿å4(a0¿Û9ìçn	kGeÖì¼t¡êóM 3Ë·!Àõ2S+¹>F³Ø*Iì¤Æ§)	/{qkÝaÏÉÇ8üóAªâ\\ÓÂHµô6_ý|cDÄ¿z!ßªýNV©; Ð7´§\"ñ=foL'|­^Ò¡Lë±\
7çíBUÇåLa]Sm5JhÉÉkI'GiPxÝ§¢`6\
PQGyï¥Ì¬¶Ì3ï/Vÿêü«ö;p¥þþY8-p ìîXs=}¾·rkØ]\\m¦§NWf£0eëà): Hª1Ölô±~q5Z£àF°n4Ñ²÷èa£Þ«±bÂ{ûË6´mý|Ëö[µþ01ô¥»{ãM}]z³y¨tsáAk×\0:¨Xãö/'ÂMTÒmcsIá[\0³ü¶¯0'ãrd¤¸Aiu°úÏ·f¿T?P5£{Bnárg®;Õ×ÐSb¨âCYlÈJ©t¨5ÌÓÀYG\\,F\\,#ªá5yd	Õ\0ÛÊpL±[!¹Æ*AÍgÝØµ¿ú8ÉcH«5u&Ú²|þUû-âêo\0Æ\0÷Û×\
»=ü}»§R±Pãòæú¹øê y`°\0ØP¯©v$i¬¥ëþèð5°Ý-Wbtvdòâï2`+¸×#8sÿgÔË»'m\"ÿÔ(ôú/9âáz÷þr8Þ9@_¯o±á¯-±2Ör­0Á+fÔ+»Æ/8hj	b+Äq4¿T`n®ñVnÿß¯Ã¯Úâá)Ýi§ÉSé\
ôÊq^º«g^zñÀW[lè(1,üj£VaOô^£	~XÐ/Â¯;]Ø··Ãõßøý2ü\
¾í0;îI(~^$Zµ¾îKa¨W~éä8x\0c¶cå\"Î¸6ëCG\
¾\0ÇV#Áq[;èg«Día1¾\
Á[ê¸Mcþp0\0¶>q\
ôw3ê\"y_¨W¯_Ô¼ø4((Ñ°À®t !Öø_Å8ë'¢&6Óc\
PtdvÏïâvÞü¿ñûeøþÁÔüf­Ý8<ªs×íËÌíå­ÅSýXä>øö£rG( |1l`LU&J}ùÔ±O¾Ký\
ìC'ÿo`ðõ·§u0îpÊFôDª¦)¤kì¶ßíÇgA£Ø@wæ©5x£¾\"¼ó_PÊ¸2H5ù\0||ÍÇÃ¯Û¸Ï×» ê=­*åú\"ioÈÉ©ªæ¬jtÏÞ`wÖ@íj)Öê\0ÇÀy(¹ÀÍ<t1Å?&ù&|Ñ¡ÊH´Z\\É÷9ØðKþòä×·xþ5ûìúzé+?v1XìºçØDÞj:©¿.\
µC÷háTÇj\0JÌWØÕp³T¶ÔÓÕ8Ûs¯­jíâ`Ì¶·0Ô¶gö­×JHðÒ Þ¬]§0K5NZjê¾}ÀÅobKñ¶ÐLîëÖIÏãÅ05}|L\"ú8%ý(Q`sKp`æ#AûZX¼Ä2pÅCX+(¥N#?³/m@¡Û÷êtn%ì`/k¬ß¨Ùrev6ÖÃ·&áÜ·Xn©ñ¹Và#{^þÁÖ7û¹^lË´:4«Ì\0Ã<SSÃB¨?¿¹½ÝÂ&LL®NTrÃ^ÍËÜ88À}åÃ.ø&:ñÍÚù`¬Ø¬[á-ª»¿^RÁýµäài£:ØS»~¥ÑYóÐpRKõ:£×ézâó<ÝuS¤çû:H±ÀØ2côã'·Oû\0¬Xe­·Oóæé~6{¹»ZdëãðËUi$;§µµ^©ÕÒj®oðÅvsGWß>Ç~=ØU|w2_>im&SMhczIs¡Dºür\"DøÀ3¶Ò`ç<¾nï¯¤=°	g8õ¸Z\
õ©`oøÈ3ýxÑ4²ni*	úê<éN²×t¯_È]³:§¶Ïe,²ÈT¨úÏ``wcIÊcwéUJ¡BfPUWáÚ]êD½eTc-XEüq¤\0Ã=v\0#qrÇAÔ³LNfÝh#ÀÚ³ü#õÂs8qÄ;3ëð#|«ç_´Ãª¨Ý¯Ý$Ô-þÝ	Ñ¢d/çNlÄßêEôNQI\\ûÞ\\qb¹³G¶ÄîFðn8CÜËÍ.¢ØÝW\
f-8#6bØÊz§þõ@ê[¼oÑld|#@üï1¥éB&cúùSä©wu#è°¬NDÕ±O'L¶Ç!+d5|ÛöuÃtN6àÈþh ÜèÛG±32ÞÊÃb=©LõóÜ¦¥r4ú4Ó²»H$»[ßàtûõH$%ìÎ²wf·ÅxëÄO¨ýè`ã>b`Úµ·¥JÖÇ±Çx,µJ!@S¹9ÃKÜüyWËÌA=Q¼ÇÃÁãì)ÿôÜ}µ§0wë¥íP¾¹GØV]»=±åÇjd1ÚÑëÃà16¾¼=GN5pFìÃm$UÌÞ3þÝ¡° DzÌhhçGBÂK6ÇäÄâK¸?]¶û^r9*L_JÍ@O}4J[p¦è}ïµ\\Æ:/ÉÅõØy;IVN©±Q#ÇN@õÙêt[s£-ÃiÛã£pYZ86AcøêÂÆðêìÝÙs;}Hå-3üsÀ1Ö3!}D¥¿ÅªùtË§§nìµt3?4îF<hÅ«FÚõ4GJlº-°lZÖÏp8¬ÈÙ(°0oTÇå(ìd°ß-ÁYñïl	éõøþ$0Ð>¾\
»?íI¾dëR'-#äKíf~â'\
ýXÃûP`¿jõzÆ+s¸`Fã$<	FýÈZ5ÀVà	h7Qù¿?Êö\
¼LÄ;0J9÷ðý8øZü°-GgèH¶Ç\"èáâ1bÍ^ñmð&WÓIñTÇ üdFÀj¸~VçØ¢XðEq\\øosâÏB©Vn_YïHô\\¬®ÑÜco¶×ÕRFïO|{SµEÿt Ït©H£°Óï&øÅ7PÅfº0jÑüeUæØæ Pb0`Á(%WM~ÀÏ\0)ãd'èÄäqÎ´d¨&	*Ð}ÜÌÑØÒêñ¨Ü,Ä[±{4hÕë0åHËñ»ê;5º|tÛ¬û`æÜGÕl0}fVÖ=ÁQÂdùhîy×ùwfÐrí/óÕð^Ô=uHô¥\
qï-7T¡éËÝí©±g>Å	bV\0ìÌqÃ¾x3ãÇå(jºMéJ|® Ç°Î{:t{ñjÛf}L_Çi¿¾¿¢ssµq­4ª4Ô¸÷8]´Hùk\")c«1ùq':3S¼¯ï£$?{{JªcÓÀÇ£à½KpÎRÜ¶ÿÆÁ\"8½)ðõ%\\q°ÙÖéP¬+;'J 8U`O ¹9ù/%Ñ ùÝ&ÿüC0Â­ÇolÙl·þ8,êíçûH>=<á½ÅùotVþÓB­C9ì6ÌwÚ\\?¶^xè®^L©w\"ßÁKü2ÔR+ßôp¾ZwªâqºKJ@h0:È@¹ÑLcÛk+0hCØo}ìÒ?ÄÜG¬ÁwËÉnîÇÅËñ\"¾±Éx5|ùÞ*8°÷`s,°ÀJ;Â(¶L=ðN$gPC4Î~Ù&ù_ZkÍ¾¼yö?¾c/ÿÀ*<ê£½G#Äº|]^u¼^+óùN'|ÑXRb¦ÁÉçvÌËá5,á¤Ò¤·zQ	ko'àF¤(Bã»h?ço.ÊÓÓ²d0ïÖª@;ÅnÞäýÇmÒ×¿1ØùbIÝóì[¹5­u-Ë¥ÖÓ©À#ØµMât,ð0QIôquc²,~n8þÞ>YË	WÔr972ÄÖÇºGC©P¥U¬£ùÿRO[9­Û¢Ðs4oq¶'ÝsúN0ÞvÔC¯KKQlF;á Á@©	¶¨aÍf,F\\J~-Ë )fW#ï©°fÙhtw&¾cº¨c¨ÛßÒìÓÀÔf­Æf\"ÃÈp`w*øOÉü375Ç>÷fOvÍRéñc=V=7äí R~Ì>qq:r48JÍ*Ûb»8°7¨7°=ãúr®-ZÄÈ;¶ lX¢	ÇÞz/$À\0Ãù\
høæpRÊd°ËöõÖËÛEò¡IÓöe6¼neYïTs«v÷4Â°2q¥!¬ÂþlÁ¶§>òpoã5GØ£ò´Ú­Çæs¸úi8ºf£§öiiÍ]­2áÈj6îHÆW3Êüuwnb¹;z8OS/ÉÖDÇsµÎøf»\\OÄl¬dDº-g%!8h{íS4àè´Ìo·M¸Äc[N4eîøàUpQ*ÜÞjI¨*Är,1xìTº:nw\
%üÂÁâù{[¯\"ñ$«#¹hû±,ÊRJÝ^¬þÃØTaí(NÐ&cØí<ÌsÉÜñ¿è;Q,uâ@f,8*Y0>!S`!¤[éN,âá¯pÀßI#ÁRÀ6(¬Ãînê¡0C1ROãäHM>þOº±}¦wËR~(\\³#AÖFK´RðË:-¡àUu÷`3ñ«à/V9#ÝEMï~eåüVNÁ_¤pü-Z\
>3|Dæ^>¼ÕøRxÂÏá»S>1ÓÞ|ÿ_)³ýÕ¬µÑ{:}UrÝR½ôîâÃÎs!×j¾Êü©¬ðU-É×ÂqÏ«$æXmÈq9|Â8ë-(c±¾Å1Ô68áKwxú°*ðøê±é«d¾Z@\043\0·Ý ³7ÏÅÁU®xÑ+¼Í_3©ÔÃ©æÝ)ØÜ66:­ÜCxÎEF¢Þ,0rÔ<&Þ1ª!åÖ·Í¸;	ìbª\0ÿ¸ÁWý½ï\0¼Ki8¼Àû hZÕ%Íqu@«6¿ðoz½n«å³ÿ¸b­¡jùÏþÔ[É","a2b5f06b-cbcf-40aa-8053-316a3d81b369"
"f430c8a2-acd4-48af-848b-9415557693b4",\N,"d77351ec-f6b5-472e-9edd-fedca58c5d15","x%;Ã D{ÖEäÒerQ\
kkhÁqw³xºyó4¹B¦_\09\
	V©]öÌ7 ÞÕih=út3¯,|Á¥XÉëÝ\
aJ*±k¯d!4þ÷þbÂþPú³_yzëOos¬Rio3Zàó\\ºrÆê/Î","97694b6f-6024-4ad8-8dc6-f18518e7e8cd"
"f4ee2467-0811-4f2f-837a-2b0b6001008f",\N,"d5e03792-0d74-49e1-8e3d-b0258a36d6e9","x%;Ã D{ÖEäÒerQ\
kkhÁqw³xºyó4¹B¦_\09\
	V©]öÌ7 ÞÕih=út3¯,|Á¥XÉëÝ\
aJ*±k¯d!4þ÷þbÂþPú³_yzëOos¬Rio3Zàó\\ºrÆê/Î","ac914620-03c6-45dd-aa50-17b0c7864c79"
